Workbook

Sheet APENDICE 4 REGISTRO DE RESULTAD
J1: FECHA REF | L1: 46022 | W1: =+A:AI -> 0
A3: EJERCITO ARGENTINO
A4: Regimiento de Caballería de Tanques 11 | U4: “Año de Reconstrucción de la Nación Argentina"
A7: REGISTRO DE RESULTADOS DE LAS PRUEBAS DE APTITUD FÍSICA BÁSICA (PAFB)
A8: Año 2025
M11: 1RA COMPROBACION - PAFB | W11: 2DA COMPROBACION - PAFB | AG11: NOTA FINAL DACA | AH11: CLASIFICACION ANUAL | AI11: TOME CONOCIMIENTO
A12: NRO | B12: GRADO | C12: ARMA / ESPECIALIDAD | D12: NOMBRE Y APELLIDO | E12: DNI | F12: FECHA NAC dd/mm/aa | G12: PESO | H12: TALLA | I12: IMC | J12: SEXO (M/F) | K12: EDAD | L12: CATEGORIA | M12: BRAZOS | O12: TRONCO / PLANCHA FRONTAL | Q12: BARRA | S12: CARRERA | U12: Promedio | V12: APROBO/ NO APROBO COMPROBACION | W12: BRAZOS | Y12: TRONCO / PLANCHA FRONTAL | AA12: BARRA | AC12: CARRERA | AE12: PROM FINAL | AF12: APROBO/ NO APROBO 2DA COMPROBACION
A13: NRO | B13: GRADO | C13: A / E / S | D13: NOMBRE/S Y APELLIDO/S | E13: DNI | F13: FECHA NAC dd/mm/aa | G13: PESO | H13: TALLA | I13: IMC | J13: SEXO (M/F) | K13: EDAD | L13: CATEGORIA | M13: Cant 1 | N13: Pts 1 | O13: Cant 2 | P13: Pts 2 | Q13: Cant 4 | R13: Pts 4 | S13: T' 5 | T13: Pts 5 | U13: Comp | V13: A / NA | W13: Cant6 | X13: Pts 6 | Y13: Cant 7 | Z13: Pts 7 | AA13: Cant 9 | AB13: Pts 9 | AC13: T' 10 | AD13: Pts 10 | AE13: 2da C | AF13: A / NA2 | AG13: DACA | AH13: A / NA3 | AI13: TOME CONOCIMIENTO | AJ13: Jerarquia
A14: 1 | I14: =IF(OR(G14="",H14=""),"-",ROUND(G14/(H14^2),0)) -> - | J14: M | K14: =IF(F14>0,DATEDIF(F14,$L$1,"Y"),"-") -> - | L14: =IF(F14="","-",IF(K14<>"",VLOOKUP(K14,T100Pts!CH$4:CI$59,(2)))) -> - | N14: =IF($L14="X","-",IF(M14="","-",IF(J14="M",VLOOKUP(M14,T100Pts!U$5:AC$86,(L14+1)),IF(J14="F",VLOOKUP(M14,T100Pts!AE$5:AM$86,(L14+1)),"")))) -> - | P14: =IF($L14="X","-",IF(O14="","-",IF(J14="M",VLOOKUP(O14,T100Pts!AO$5:AW$126,(L14+1)),IF(J14="F",VLOOKUP(O14,T100Pts!AY$5:BG$126,(L14+1)),"")))) -> - | R14: =IF(OR($L14="X",$L14=6,$L14=7),"-",IF(Q14="","-",IF(J14="M",VLOOKUP(Q14,T100Pts!BI$5:BN$44,(L14+1)),IF(J14="F",VLOOKUP(Q14,T100Pts!BU$5:BZ$44,(L14+1)),"")))) -> - | T14: =IF($L14="X","-",IF(S14="","-",IF(J14="M",VLOOKUP(S14,T100Pts!A$5:I$1146,(L14+1)),IF(J14="F",VLOOKUP(S14,T100Pts!K$5:S$1147,(L14+1)),"")))) -> - | U14: =IF(OR(N14="X",P14="X",R14="X",T14="X"),"NR",IF(AND(N14="-",P14="-",T14="-"),"-",IF(R14="-",AVERAGE(IF(ISNUMBER(N14),N14),IF(ISNUMBER(P14),P14),IF(ISNUMBER(T14),T14)),AVERAGE(IF(ISNUMBER(N14),N14),IF(ISNUMBER(P14),P14),IF(ISNUMBER(R14),R14),IF(ISNUMBER(T14),T14))))) -> - | V14: =IF(NOT(ISNUMBER(U14)), "-", IF(U14 < 70, "NA", "A")) -> - | X14: =IF($L14="X","-",IF(W14="","-",IF(J14="M",VLOOKUP(W14,T100Pts!U$5:AC$86,(L14+1)),IF(J14="F",VLOOKUP(W14,T100Pts!AE$5:AM$86,(L14+1)),"")))) -> - | Z14: =IF($L14="X","-",IF(Y14="","-",IF(J14="M",VLOOKUP(Y14,T100Pts!AO$5:AW$126,(L14+1)),IF(J14="F",VLOOKUP(Y14,T100Pts!AY$5:BG$126,(L14+1)),"")))) -> - | AB14: =IF(OR($L14="X",$L14=6,$L14=7),"-",IF(AA14="","-",IF(J14="M",VLOOKUP(AA14,T100Pts!BI$5:BN$44,(L14+1)),IF(J14="F",VLOOKUP(AA14,T100Pts!BU$5:BZ$44,(L14+1)),"")))) -> - | AD14: =IF($L14="X","-",IF(AC14="","-",IF(J14="M",VLOOKUP(AC14,T100Pts!A$5:I$1146,(L14+1)),IF(J14="F",VLOOKUP(AC14,T100Pts!K$5:S$1146,(L14+1)),"")))) -> - | AE14: =IF(OR(X14="X",Z14="X",AB14="X",AD14="X"),"NR",IF(AND(X14="-",Z14="-",AD14="-"),"-",IF(AB14="-",AVERAGE(IF(ISNUMBER(X14),X14),IF(ISNUMBER(Z14),Z14),IF(ISNUMBER(AD14),AD14)),AVERAGE(IF(ISNUMBER(X14),X14),IF(ISNUMBER(Z14),Z14),IF(ISNUMBER(AB14),AB14),IF(ISNUMBER(AD14),AD14))))) -> - | AF14: =IF(NOT(ISNUMBER(AE14)), "-", IF(AE14 < 70, "NA", "A")) -> - | AG14: =AVERAGE(U14,AE14) -> #DIV/0! | AH14: =IF(NOT(ISNUMBER(AG14)), "-", IF(AG14 < 70, "NA", "A")) -> - | AJ14: =IF(OR(B14="TG",B14="GD",B14="GB",B14="CY",B14="CR",B14="TC",B14="MY",B14="CT",B14="TP",B14="TP EC",B14="TT",B14="TT EC",B14="ST",B14="ST EC"),"Oficial",IF(OR(B14="VP",B14="VS",B14="VS EC"),"Vol",IF(B14="","","Subof")))
A15: 2 | I15: =IF(OR(G15="",H15=""),"-",ROUND(G15/(H15^2),0)) -> - | J15: M | K15: =IF(F15>0,DATEDIF(F15,$L$1,"Y"),"-") -> - | L15: =IF(F15="","-",IF(K15<>"",VLOOKUP(K15,T100Pts!CH$4:CI$59,(2)))) -> - | N15: =IF($L15="X","-",IF(M15="","-",IF(J15="M",VLOOKUP(M15,T100Pts!U$5:AC$86,(L15+1)),IF(J15="F",VLOOKUP(M15,T100Pts!AE$5:AM$86,(L15+1)),"")))) -> - | P15: =IF($L15="X","-",IF(O15="","-",IF(J15="M",VLOOKUP(O15,T100Pts!AO$5:AW$126,(L15+1)),IF(J15="F",VLOOKUP(O15,T100Pts!AY$5:BG$126,(L15+1)),"")))) -> - | R15: =IF(OR($L15="X",O16=6,$L15=7),"-",IF(Q15="","-",IF(J15="M",VLOOKUP(Q15,T100Pts!BI$5:BN$44,(L15+1)),IF(J15="F",VLOOKUP(Q15,T100Pts!BU$5:BZ$44,(L15+1)),"")))) -> - | T15: =IF($L15="X","-",IF(S15="","-",IF(J15="M",VLOOKUP(S15,T100Pts!A$5:I$1146,(L15+1)),IF(J15="F",VLOOKUP(S15,T100Pts!K$5:S$1147,(L15+1)),"")))) -> - | U15: =IF(OR(N15="X",P15="X",R15="X",T15="X"),"NR",IF(AND(N15="-",P15="-",T15="-"),"-",IF(R15="-",AVERAGE(IF(ISNUMBER(N15),N15),IF(ISNUMBER(P15),P15),IF(ISNUMBER(T15),T15)),AVERAGE(IF(ISNUMBER(N15),N15),IF(ISNUMBER(P15),P15),IF(ISNUMBER(R15),R15),IF(ISNUMBER(T15),T15))))) -> - | V15: =IF(NOT(ISNUMBER(U15)), "-", IF(U15 < 70, "NA", "A")) -> - | X15: =IF($L15="X","-",IF(W15="","-",IF(J15="M",VLOOKUP(W15,T100Pts!U$5:AC$86,(L15+1)),IF(J15="F",VLOOKUP(W15,T100Pts!AE$5:AM$86,(L15+1)),"")))) -> - | Z15: =IF($L15="X","-",IF(Y15="","-",IF(J15="M",VLOOKUP(Y15,T100Pts!AO$5:AW$126,(L15+1)),IF(J15="F",VLOOKUP(Y15,T100Pts!AY$5:BG$126,(L15+1)),"")))) -> - | AB15: =IF(OR($L15="X",$L15=6,$L15=7),"-",IF(AA15="","-",IF(J15="M",VLOOKUP(AA15,T100Pts!BI$5:BN$44,(L15+1)),IF(J15="F",VLOOKUP(AA15,T100Pts!BU$5:BZ$44,(L15+1)),"")))) -> - | AD15: =IF($L15="X","-",IF(AC15="","-",IF(J15="M",VLOOKUP(AC15,T100Pts!A$5:I$1146,(L15+1)),IF(J15="F",VLOOKUP(AC15,T100Pts!K$5:S$1146,(L15+1)),"")))) -> - | AE15: =IF(OR(X15="X",Z15="X",AB15="X",AD15="X"),"NR",IF(AND(X15="-",Z15="-",AD15="-"),"-",IF(AB15="-",AVERAGE(IF(ISNUMBER(X15),X15),IF(ISNUMBER(Z15),Z15),IF(ISNUMBER(AD15),AD15)),AVERAGE(IF(ISNUMBER(X15),X15),IF(ISNUMBER(Z15),Z15),IF(ISNUMBER(AB15),AB15),IF(ISNUMBER(AD15),AD15))))) -> - | AF15: =IF(NOT(ISNUMBER(AE15)), "-", IF(AE15 < 70, "NA", "A")) -> - | AG15: =AVERAGE(U15,AE15) -> #DIV/0! | AH15: =IF(NOT(ISNUMBER(AG15)), "-", IF(AG15 < 70, "NA", "A")) -> - | AJ15: =IF(OR(B15="TG",B15="GD",B15="GB",B15="CY",B15="CR",B15="TC",B15="MY",B15="CT",B15="TP",B15="TP EC",B15="TT",B15="TT EC",B15="ST",B15="ST EC"),"Oficial",IF(OR(B15="VP",B15="VS",B15="VS EC"),"Vol",IF(B15="","","Subof")))
A16: 3 | I16: =IF(OR(G16="",H16=""),"-",ROUND(G16/(H16^2),0)) -> - | J16: M | K16: =IF(F16>0,DATEDIF(F16,$L$1,"Y"),"-") -> - | L16: =IF(F16="","-",IF(K16<>"",VLOOKUP(K16,T100Pts!CH$4:CI$59,(2)))) -> - | N16: =IF($L16="X","-",IF(M16="","-",IF(J16="M",VLOOKUP(M16,T100Pts!U$5:AC$86,(L16+1)),IF(J16="F",VLOOKUP(M16,T100Pts!AE$5:AM$86,(L16+1)),"")))) -> - | P16: =IF($L16="X","-",IF(O16="","-",IF(J16="M",VLOOKUP(O16,T100Pts!AO$5:AW$126,(L16+1)),IF(J16="F",VLOOKUP(O16,T100Pts!AY$5:BG$126,(L16+1)),"")))) -> - | R16: =IF(OR($L16="X",$L16=6,$L16=7),"-",IF(Q16="","-",IF(J16="M",VLOOKUP(Q16,T100Pts!BI$5:BN$44,(L16+1)),IF(J16="F",VLOOKUP(Q16,T100Pts!BU$5:BZ$44,(L16+1)),"")))) -> - | T16: =IF($L16="X","-",IF(S16="","-",IF(J16="M",VLOOKUP(S16,T100Pts!A$5:I$1146,(L16+1)),IF(J16="F",VLOOKUP(S16,T100Pts!K$5:S$1147,(L16+1)),"")))) -> - | U16: =IF(OR(N16="X",P16="X",R16="X",T16="X"),"NR",IF(AND(N16="-",P16="-",T16="-"),"-",IF(R16="-",AVERAGE(IF(ISNUMBER(N16),N16),IF(ISNUMBER(P16),P16),IF(ISNUMBER(T16),T16)),AVERAGE(IF(ISNUMBER(N16),N16),IF(ISNUMBER(P16),P16),IF(ISNUMBER(R16),R16),IF(ISNUMBER(T16),T16))))) -> - | V16: =IF(NOT(ISNUMBER(U16)), "-", IF(U16 < 70, "NA", "A")) -> - | X16: =IF($L16="X","-",IF(W16="","-",IF(J16="M",VLOOKUP(W16,T100Pts!U$5:AC$86,(L16+1)),IF(J16="F",VLOOKUP(W16,T100Pts!AE$5:AM$86,(L16+1)),"")))) -> - | Z16: =IF($L16="X","-",IF(Y16="","-",IF(J16="M",VLOOKUP(Y16,T100Pts!AO$5:AW$126,(L16+1)),IF(J16="F",VLOOKUP(Y16,T100Pts!AY$5:BG$126,(L16+1)),"")))) -> - | AB16: =IF(OR($L16="X",$L16=6,$L16=7),"-",IF(AA16="","-",IF(J16="M",VLOOKUP(AA16,T100Pts!BI$5:BN$44,(L16+1)),IF(J16="F",VLOOKUP(AA16,T100Pts!BU$5:BZ$44,(L16+1)),"")))) -> - | AD16: =IF($L16="X","-",IF(AC16="","-",IF(J16="M",VLOOKUP(AC16,T100Pts!A$5:I$1146,(L16+1)),IF(J16="F",VLOOKUP(AC16,T100Pts!K$5:S$1146,(L16+1)),"")))) -> - | AE16: =IF(OR(X16="X",Z16="X",AB16="X",AD16="X"),"NR",IF(AND(X16="-",Z16="-",AD16="-"),"-",IF(AB16="-",AVERAGE(IF(ISNUMBER(X16),X16),IF(ISNUMBER(Z16),Z16),IF(ISNUMBER(AD16),AD16)),AVERAGE(IF(ISNUMBER(X16),X16),IF(ISNUMBER(Z16),Z16),IF(ISNUMBER(AB16),AB16),IF(ISNUMBER(AD16),AD16))))) -> - | AF16: =IF(NOT(ISNUMBER(AE16)), "-", IF(AE16 < 70, "NA", "A")) -> - | AG16: =AVERAGE(U16,AE16) -> #DIV/0! | AH16: =IF(NOT(ISNUMBER(AG16)), "-", IF(AG16 < 70, "NA", "A")) -> - | AJ16: =IF(OR(B16="TG",B16="GD",B16="GB",B16="CY",B16="CR",B16="TC",B16="MY",B16="CT",B16="TP",B16="TP EC",B16="TT",B16="TT EC",B16="ST",B16="ST EC"),"Oficial",IF(OR(B16="VP",B16="VS",B16="VS EC"),"Vol",IF(B16="","","Subof")))
A17: 4 | I17: =IF(OR(G17="",H17=""),"-",ROUND(G17/(H17^2),0)) -> - | J17: F | K17: =IF(F17>0,DATEDIF(F17,$L$1,"Y"),"-") -> - | L17: =IF(F17="","-",IF(K17<>"",VLOOKUP(K17,T100Pts!CH$4:CI$59,(2)))) -> - | N17: =IF($L17="X","-",IF(M17="","-",IF(J17="M",VLOOKUP(M17,T100Pts!U$5:AC$86,(L17+1)),IF(J17="F",VLOOKUP(M17,T100Pts!AE$5:AM$86,(L17+1)),"")))) -> - | P17: =IF($L17="X","-",IF(O17="","-",IF(J17="M",VLOOKUP(O17,T100Pts!AO$5:AW$126,(L17+1)),IF(J17="F",VLOOKUP(O17,T100Pts!AY$5:BG$126,(L17+1)),"")))) -> - | R17: =IF(OR($L17="X",$L17=6,$L17=7),"-",IF(Q17="","-",IF(J17="M",VLOOKUP(Q17,T100Pts!BI$5:BN$44,(L17+1)),IF(J17="F",VLOOKUP(Q17,T100Pts!BU$5:BZ$44,(L17+1)),"")))) -> - | T17: =IF($L17="X","-",IF(S17="","-",IF(J17="M",VLOOKUP(S17,T100Pts!A$5:I$1146,(L17+1)),IF(J17="F",VLOOKUP(S17,T100Pts!K$5:S$1147,(L17+1)),"")))) -> - | U17: =IF(OR(N17="X",P17="X",R17="X",T17="X"),"NR",IF(AND(N17="-",P17="-",T17="-"),"-",IF(R17="-",AVERAGE(IF(ISNUMBER(N17),N17),IF(ISNUMBER(P17),P17),IF(ISNUMBER(T17),T17)),AVERAGE(IF(ISNUMBER(N17),N17),IF(ISNUMBER(P17),P17),IF(ISNUMBER(R17),R17),IF(ISNUMBER(T17),T17))))) -> - | V17: =IF(NOT(ISNUMBER(U17)), "-", IF(U17 < 70, "NA", "A")) -> - | X17: =IF($L17="X","-",IF(W17="","-",IF(J17="M",VLOOKUP(W17,T100Pts!U$5:AC$86,(L17+1)),IF(J17="F",VLOOKUP(W17,T100Pts!AE$5:AM$86,(L17+1)),"")))) -> - | Z17: =IF($L17="X","-",IF(Y17="","-",IF(J17="M",VLOOKUP(Y17,T100Pts!AO$5:AW$126,(L17+1)),IF(J17="F",VLOOKUP(Y17,T100Pts!AY$5:BG$126,(L17+1)),"")))) -> - | AB17: =IF(OR($L17="X",$L17=6,$L17=7),"-",IF(AA17="","-",IF(J17="M",VLOOKUP(AA17,T100Pts!BI$5:BN$44,(L17+1)),IF(J17="F",VLOOKUP(AA17,T100Pts!BU$5:BZ$44,(L17+1)),"")))) -> - | AD17: =IF($L17="X","-",IF(AC17="","-",IF(J17="M",VLOOKUP(AC17,T100Pts!A$5:I$1146,(L17+1)),IF(J17="F",VLOOKUP(AC17,T100Pts!K$5:S$1146,(L17+1)),"")))) -> - | AE17: =IF(OR(X17="X",Z17="X",AB17="X",AD17="X"),"NR",IF(AND(X17="-",Z17="-",AD17="-"),"-",IF(AB17="-",AVERAGE(IF(ISNUMBER(X17),X17),IF(ISNUMBER(Z17),Z17),IF(ISNUMBER(AD17),AD17)),AVERAGE(IF(ISNUMBER(X17),X17),IF(ISNUMBER(Z17),Z17),IF(ISNUMBER(AB17),AB17),IF(ISNUMBER(AD17),AD17))))) -> - | AF17: =IF(NOT(ISNUMBER(AE17)), "-", IF(AE17 < 70, "NA", "A")) -> - | AG17: =AVERAGE(U17,AE17) -> #DIV/0! | AH17: =IF(NOT(ISNUMBER(AG17)), "-", IF(AG17 < 70, "NA", "A")) -> - | AI17: APTO B | AJ17: =IF(OR(B17="TG",B17="GD",B17="GB",B17="CY",B17="CR",B17="TC",B17="MY",B17="CT",B17="TP",B17="TP EC",B17="TT",B17="TT EC",B17="ST",B17="ST EC"),"Oficial",IF(OR(B17="VP",B17="VS",B17="VS EC"),"Vol",IF(B17="","","Subof")))
A18: 5 | I18: =IF(OR(G18="",H18=""),"-",ROUND(G18/(H18^2),0)) -> - | J18: M | K18: =IF(F18>0,DATEDIF(F18,$L$1,"Y"),"-") -> - | L18: =IF(F18="","-",IF(K18<>"",VLOOKUP(K18,T100Pts!CH$4:CI$59,(2)))) -> - | N18: =IF($L18="X","-",IF(M18="","-",IF(J18="M",VLOOKUP(M18,T100Pts!U$5:AC$86,(L18+1)),IF(J18="F",VLOOKUP(M18,T100Pts!AE$5:AM$86,(L18+1)),"")))) -> - | P18: =IF($L18="X","-",IF(O18="","-",IF(J18="M",VLOOKUP(O18,T100Pts!AO$5:AW$126,(L18+1)),IF(J18="F",VLOOKUP(O18,T100Pts!AY$5:BG$126,(L18+1)),"")))) -> - | R18: =IF(OR($L18="X",$L18=6,$L18=7),"-",IF(Q18="","-",IF(J18="M",VLOOKUP(Q18,T100Pts!BI$5:BN$44,(L18+1)),IF(J18="F",VLOOKUP(Q18,T100Pts!BU$5:BZ$44,(L18+1)),"")))) -> - | T18: =IF($L18="X","-",IF(S18="","-",IF(J18="M",VLOOKUP(S18,T100Pts!A$5:I$1146,(L18+1)),IF(J18="F",VLOOKUP(S18,T100Pts!K$5:S$1147,(L18+1)),"")))) -> - | U18: =IF(OR(N18="X",P18="X",R18="X",T18="X"),"NR",IF(AND(N18="-",P18="-",T18="-"),"-",IF(R18="-",AVERAGE(IF(ISNUMBER(N18),N18),IF(ISNUMBER(P18),P18),IF(ISNUMBER(T18),T18)),AVERAGE(IF(ISNUMBER(N18),N18),IF(ISNUMBER(P18),P18),IF(ISNUMBER(R18),R18),IF(ISNUMBER(T18),T18))))) -> - | V18: =IF(NOT(ISNUMBER(U18)), "-", IF(U18 < 70, "NA", "A")) -> - | X18: =IF($L18="X","-",IF(W18="","-",IF(J18="M",VLOOKUP(W18,T100Pts!U$5:AC$86,(L18+1)),IF(J18="F",VLOOKUP(W18,T100Pts!AE$5:AM$86,(L18+1)),"")))) -> - | Z18: =IF($L18="X","-",IF(Y18="","-",IF(J18="M",VLOOKUP(Y18,T100Pts!AO$5:AW$126,(L18+1)),IF(J18="F",VLOOKUP(Y18,T100Pts!AY$5:BG$126,(L18+1)),"")))) -> - | AB18: =IF(OR($L18="X",$L18=6,$L18=7),"-",IF(AA18="","-",IF(J18="M",VLOOKUP(AA18,T100Pts!BI$5:BN$44,(L18+1)),IF(J18="F",VLOOKUP(AA18,T100Pts!BU$5:BZ$44,(L18+1)),"")))) -> - | AD18: =IF($L18="X","-",IF(AC18="","-",IF(J18="M",VLOOKUP(AC18,T100Pts!A$5:I$1146,(L18+1)),IF(J18="F",VLOOKUP(AC18,T100Pts!K$5:S$1146,(L18+1)),"")))) -> - | AE18: =IF(OR(X18="X",Z18="X",AB18="X",AD18="X"),"NR",IF(AND(X18="-",Z18="-",AD18="-"),"-",IF(AB18="-",AVERAGE(IF(ISNUMBER(X18),X18),IF(ISNUMBER(Z18),Z18),IF(ISNUMBER(AD18),AD18)),AVERAGE(IF(ISNUMBER(X18),X18),IF(ISNUMBER(Z18),Z18),IF(ISNUMBER(AB18),AB18),IF(ISNUMBER(AD18),AD18))))) -> - | AF18: =IF(NOT(ISNUMBER(AE18)), "-", IF(AE18 < 70, "NA", "A")) -> - | AG18: =AVERAGE(U18,AE18) -> #DIV/0! | AH18: =IF(NOT(ISNUMBER(AG18)), "-", IF(AG18 < 70, "NA", "A")) -> - | AJ18: =IF(OR(B18="TG",B18="GD",B18="GB",B18="CY",B18="CR",B18="TC",B18="MY",B18="CT",B18="TP",B18="TP EC",B18="TT",B18="TT EC",B18="ST",B18="ST EC"),"Oficial",IF(OR(B18="VP",B18="VS",B18="VS EC"),"Vol",IF(B18="","","Subof")))
A19: 6 | I19: =IF(OR(G19="",H19=""),"-",ROUND(G19/(H19^2),0)) -> - | J19: M | K19: =IF(F19>0,DATEDIF(F19,$L$1,"Y"),"-") -> - | L19: =IF(F19="","-",IF(K19<>"",VLOOKUP(K19,T100Pts!CH$4:CI$59,(2)))) -> - | N19: =IF($L19="X","-",IF(M19="","-",IF(J19="M",VLOOKUP(M19,T100Pts!U$5:AC$86,(L19+1)),IF(J19="F",VLOOKUP(M19,T100Pts!AE$5:AM$86,(L19+1)),"")))) -> - | P19: =IF($L19="X","-",IF(O19="","-",IF(J19="M",VLOOKUP(O19,T100Pts!AO$5:AW$126,(L19+1)),IF(J19="F",VLOOKUP(O19,T100Pts!AY$5:BG$126,(L19+1)),"")))) -> - | R19: =IF(OR($L19="X",$L19=6,$L19=7),"-",IF(Q19="","-",IF(J19="M",VLOOKUP(Q19,T100Pts!BI$5:BN$44,(L19+1)),IF(J19="F",VLOOKUP(Q19,T100Pts!BU$5:BZ$44,(L19+1)),"")))) -> - | T19: =IF($L19="X","-",IF(S19="","-",IF(J19="M",VLOOKUP(S19,T100Pts!A$5:I$1146,(L19+1)),IF(J19="F",VLOOKUP(S19,T100Pts!K$5:S$1147,(L19+1)),"")))) -> - | U19: =IF(OR(N19="X",P19="X",R19="X",T19="X"),"NR",IF(AND(N19="-",P19="-",T19="-"),"-",IF(R19="-",AVERAGE(IF(ISNUMBER(N19),N19),IF(ISNUMBER(P19),P19),IF(ISNUMBER(T19),T19)),AVERAGE(IF(ISNUMBER(N19),N19),IF(ISNUMBER(P19),P19),IF(ISNUMBER(R19),R19),IF(ISNUMBER(T19),T19))))) -> - | V19: =IF(NOT(ISNUMBER(U19)), "-", IF(U19 < 70, "NA", "A")) -> - | X19: =IF($L19="X","-",IF(W19="","-",IF(J19="M",VLOOKUP(W19,T100Pts!U$5:AC$86,(L19+1)),IF(J19="F",VLOOKUP(W19,T100Pts!AE$5:AM$86,(L19+1)),"")))) -> - | Z19: =IF($L19="X","-",IF(Y19="","-",IF(J19="M",VLOOKUP(Y19,T100Pts!AO$5:AW$126,(L19+1)),IF(J19="F",VLOOKUP(Y19,T100Pts!AY$5:BG$126,(L19+1)),"")))) -> - | AB19: =IF(OR($L19="X",$L19=6,$L19=7),"-",IF(AA19="","-",IF(J19="M",VLOOKUP(AA19,T100Pts!BI$5:BN$44,(L19+1)),IF(J19="F",VLOOKUP(AA19,T100Pts!BU$5:BZ$44,(L19+1)),"")))) -> - | AD19: =IF($L19="X","-",IF(AC19="","-",IF(J19="M",VLOOKUP(AC19,T100Pts!A$5:I$1146,(L19+1)),IF(J19="F",VLOOKUP(AC19,T100Pts!K$5:S$1146,(L19+1)),"")))) -> - | AE19: =IF(OR(X19="X",Z19="X",AB19="X",AD19="X"),"NR",IF(AND(X19="-",Z19="-",AD19="-"),"-",IF(AB19="-",AVERAGE(IF(ISNUMBER(X19),X19),IF(ISNUMBER(Z19),Z19),IF(ISNUMBER(AD19),AD19)),AVERAGE(IF(ISNUMBER(X19),X19),IF(ISNUMBER(Z19),Z19),IF(ISNUMBER(AB19),AB19),IF(ISNUMBER(AD19),AD19))))) -> - | AF19: =IF(NOT(ISNUMBER(AE19)), "-", IF(AE19 < 70, "NA", "A")) -> - | AG19: =AVERAGE(U19,AE19) -> #DIV/0! | AH19: =IF(NOT(ISNUMBER(AG19)), "-", IF(AG19 < 70, "NA", "A")) -> - | AJ19: =IF(OR(B19="TG",B19="GD",B19="GB",B19="CY",B19="CR",B19="TC",B19="MY",B19="CT",B19="TP",B19="TP EC",B19="TT",B19="TT EC",B19="ST",B19="ST EC"),"Oficial",IF(OR(B19="VP",B19="VS",B19="VS EC"),"Vol",IF(B19="","","Subof")))
A20: 7 | I20: =IF(OR(G20="",H20=""),"-",ROUND(G20/(H20^2),0)) -> - | J20: M | K20: =IF(F20>0,DATEDIF(F20,$L$1,"Y"),"-") -> - | L20: =IF(F20="","-",IF(K20<>"",VLOOKUP(K20,T100Pts!CH$4:CI$59,(2)))) -> - | N20: =IF($L20="X","-",IF(M20="","-",IF(J20="M",VLOOKUP(M20,T100Pts!U$5:AC$86,(L20+1)),IF(J20="F",VLOOKUP(M20,T100Pts!AE$5:AM$86,(L20+1)),"")))) -> - | P20: =IF($L20="X","-",IF(O20="","-",IF(J20="M",VLOOKUP(O20,T100Pts!AO$5:AW$126,(L20+1)),IF(J20="F",VLOOKUP(O20,T100Pts!AY$5:BG$126,(L20+1)),"")))) -> - | R20: =IF(OR($L20="X",$L20=6,$L20=7),"-",IF(Q20="","-",IF(J20="M",VLOOKUP(Q20,T100Pts!BI$5:BN$44,(L20+1)),IF(J20="F",VLOOKUP(Q20,T100Pts!BU$5:BZ$44,(L20+1)),"")))) -> - | T20: =IF($L20="X","-",IF(S20="","-",IF(J20="M",VLOOKUP(S20,T100Pts!A$5:I$1146,(L20+1)),IF(J20="F",VLOOKUP(S20,T100Pts!K$5:S$1147,(L20+1)),"")))) -> - | U20: =IF(OR(N20="X",P20="X",R20="X",T20="X"),"NR",IF(AND(N20="-",P20="-",T20="-"),"-",IF(R20="-",AVERAGE(IF(ISNUMBER(N20),N20),IF(ISNUMBER(P20),P20),IF(ISNUMBER(T20),T20)),AVERAGE(IF(ISNUMBER(N20),N20),IF(ISNUMBER(P20),P20),IF(ISNUMBER(R20),R20),IF(ISNUMBER(T20),T20))))) -> - | V20: =IF(NOT(ISNUMBER(U20)), "-", IF(U20 < 70, "NA", "A")) -> - | X20: =IF($L20="X","-",IF(W20="","-",IF(J20="M",VLOOKUP(W20,T100Pts!U$5:AC$86,(L20+1)),IF(J20="F",VLOOKUP(W20,T100Pts!AE$5:AM$86,(L20+1)),"")))) -> - | Z20: =IF($L20="X","-",IF(Y20="","-",IF(J20="M",VLOOKUP(Y20,T100Pts!AO$5:AW$126,(L20+1)),IF(J20="F",VLOOKUP(Y20,T100Pts!AY$5:BG$126,(L20+1)),"")))) -> - | AB20: =IF(OR($L20="X",$L20=6,$L20=7),"-",IF(AA20="","-",IF(J20="M",VLOOKUP(AA20,T100Pts!BI$5:BN$44,(L20+1)),IF(J20="F",VLOOKUP(AA20,T100Pts!BU$5:BZ$44,(L20+1)),"")))) -> - | AD20: =IF($L20="X","-",IF(AC20="","-",IF(J20="M",VLOOKUP(AC20,T100Pts!A$5:I$1146,(L20+1)),IF(J20="F",VLOOKUP(AC20,T100Pts!K$5:S$1146,(L20+1)),"")))) -> - | AE20: =IF(OR(X20="X",Z20="X",AB20="X",AD20="X"),"NR",IF(AND(X20="-",Z20="-",AD20="-"),"-",IF(AB20="-",AVERAGE(IF(ISNUMBER(X20),X20),IF(ISNUMBER(Z20),Z20),IF(ISNUMBER(AD20),AD20)),AVERAGE(IF(ISNUMBER(X20),X20),IF(ISNUMBER(Z20),Z20),IF(ISNUMBER(AB20),AB20),IF(ISNUMBER(AD20),AD20))))) -> - | AF20: =IF(NOT(ISNUMBER(AE20)), "-", IF(AE20 < 70, "NA", "A")) -> - | AG20: =AVERAGE(U20,AE20) -> #DIV/0! | AH20: =IF(NOT(ISNUMBER(AG20)), "-", IF(AG20 < 70, "NA", "A")) -> - | AJ20: =IF(OR(B20="TG",B20="GD",B20="GB",B20="CY",B20="CR",B20="TC",B20="MY",B20="CT",B20="TP",B20="TP EC",B20="TT",B20="TT EC",B20="ST",B20="ST EC"),"Oficial",IF(OR(B20="VP",B20="VS",B20="VS EC"),"Vol",IF(B20="","","Subof")))
A21: 8 | I21: =IF(OR(G21="",H21=""),"-",ROUND(G21/(H21^2),0)) -> - | J21: M | K21: =IF(F21>0,DATEDIF(F21,$L$1,"Y"),"-") -> - | L21: =IF(F21="","-",IF(K21<>"",VLOOKUP(K21,T100Pts!CH$4:CI$59,(2)))) -> - | N21: =IF($L21="X","-",IF(M21="","-",IF(J21="M",VLOOKUP(M21,T100Pts!U$5:AC$86,(L21+1)),IF(J21="F",VLOOKUP(M21,T100Pts!AE$5:AM$86,(L21+1)),"")))) -> - | P21: =IF($L21="X","-",IF(O21="","-",IF(J21="M",VLOOKUP(O21,T100Pts!AO$5:AW$126,(L21+1)),IF(J21="F",VLOOKUP(O21,T100Pts!AY$5:BG$126,(L21+1)),"")))) -> - | R21: =IF(OR($L21="X",$L21=6,$L21=7),"-",IF(Q21="","-",IF(J21="M",VLOOKUP(Q21,T100Pts!BI$5:BN$44,(L21+1)),IF(J21="F",VLOOKUP(Q21,T100Pts!BU$5:BZ$44,(L21+1)),"")))) -> - | T21: =IF($L21="X","-",IF(S21="","-",IF(J21="M",VLOOKUP(S21,T100Pts!A$5:I$1146,(L21+1)),IF(J21="F",VLOOKUP(S21,T100Pts!K$5:S$1147,(L21+1)),"")))) -> - | U21: =IF(OR(N21="X",P21="X",R21="X",T21="X"),"NR",IF(AND(N21="-",P21="-",T21="-"),"-",IF(R21="-",AVERAGE(IF(ISNUMBER(N21),N21),IF(ISNUMBER(P21),P21),IF(ISNUMBER(T21),T21)),AVERAGE(IF(ISNUMBER(N21),N21),IF(ISNUMBER(P21),P21),IF(ISNUMBER(R21),R21),IF(ISNUMBER(T21),T21))))) -> - | V21: =IF(NOT(ISNUMBER(U21)), "-", IF(U21 < 70, "NA", "A")) -> - | X21: =IF($L21="X","-",IF(W21="","-",IF(J21="M",VLOOKUP(W21,T100Pts!U$5:AC$86,(L21+1)),IF(J21="F",VLOOKUP(W21,T100Pts!AE$5:AM$86,(L21+1)),"")))) -> - | Z21: =IF($L21="X","-",IF(Y21="","-",IF(J21="M",VLOOKUP(Y21,T100Pts!AO$5:AW$126,(L21+1)),IF(J21="F",VLOOKUP(Y21,T100Pts!AY$5:BG$126,(L21+1)),"")))) -> - | AB21: =IF(OR($L21="X",$L21=6,$L21=7),"-",IF(AA21="","-",IF(J21="M",VLOOKUP(AA21,T100Pts!BI$5:BN$44,(L21+1)),IF(J21="F",VLOOKUP(AA21,T100Pts!BU$5:BZ$44,(L21+1)),"")))) -> - | AD21: =IF($L21="X","-",IF(AC21="","-",IF(J21="M",VLOOKUP(AC21,T100Pts!A$5:I$1146,(L21+1)),IF(J21="F",VLOOKUP(AC21,T100Pts!K$5:S$1146,(L21+1)),"")))) -> - | AE21: =IF(OR(X21="X",Z21="X",AB21="X",AD21="X"),"NR",IF(AND(X21="-",Z21="-",AD21="-"),"-",IF(AB21="-",AVERAGE(IF(ISNUMBER(X21),X21),IF(ISNUMBER(Z21),Z21),IF(ISNUMBER(AD21),AD21)),AVERAGE(IF(ISNUMBER(X21),X21),IF(ISNUMBER(Z21),Z21),IF(ISNUMBER(AB21),AB21),IF(ISNUMBER(AD21),AD21))))) -> - | AF21: =IF(NOT(ISNUMBER(AE21)), "-", IF(AE21 < 70, "NA", "A")) -> - | AG21: =AVERAGE(U21,AE21) -> #DIV/0! | AH21: =IF(NOT(ISNUMBER(AG21)), "-", IF(AG21 < 70, "NA", "A")) -> - | AI21: PARTE DE ENF CIE: M25,6 | AJ21: =IF(OR(B21="TG",B21="GD",B21="GB",B21="CY",B21="CR",B21="TC",B21="MY",B21="CT",B21="TP",B21="TP EC",B21="TT",B21="TT EC",B21="ST",B21="ST EC"),"Oficial",IF(OR(B21="VP",B21="VS",B21="VS EC"),"Vol",IF(B21="","","Subof")))
A22: 9 | I22: =IF(OR(G22="",H22=""),"-",ROUND(G22/(H22^2),0)) -> - | J22: M | K22: =IF(F22>0,DATEDIF(F22,$L$1,"Y"),"-") -> - | L22: =IF(F22="","-",IF(K22<>"",VLOOKUP(K22,T100Pts!CH$4:CI$59,(2)))) -> - | N22: =IF($L22="X","-",IF(M22="","-",IF(J22="M",VLOOKUP(M22,T100Pts!U$5:AC$86,(L22+1)),IF(J22="F",VLOOKUP(M22,T100Pts!AE$5:AM$86,(L22+1)),"")))) -> - | P22: =IF($L22="X","-",IF(O22="","-",IF(J22="M",VLOOKUP(O22,T100Pts!AO$5:AW$126,(L22+1)),IF(J22="F",VLOOKUP(O22,T100Pts!AY$5:BG$126,(L22+1)),"")))) -> - | R22: =IF(OR($L22="X",$L22=6,$L22=7),"-",IF(Q22="","-",IF(J22="M",VLOOKUP(Q22,T100Pts!BI$5:BN$44,(L22+1)),IF(J22="F",VLOOKUP(Q22,T100Pts!BU$5:BZ$44,(L22+1)),"")))) -> - | T22: =IF($L22="X","-",IF(S22="","-",IF(J22="M",VLOOKUP(S22,T100Pts!A$5:I$1146,(L22+1)),IF(J22="F",VLOOKUP(S22,T100Pts!K$5:S$1147,(L22+1)),"")))) -> - | U22: =IF(OR(N22="X",P22="X",R22="X",T22="X"),"NR",IF(AND(N22="-",P22="-",T22="-"),"-",IF(R22="-",AVERAGE(IF(ISNUMBER(N22),N22),IF(ISNUMBER(P22),P22),IF(ISNUMBER(T22),T22)),AVERAGE(IF(ISNUMBER(N22),N22),IF(ISNUMBER(P22),P22),IF(ISNUMBER(R22),R22),IF(ISNUMBER(T22),T22))))) -> - | V22: =IF(NOT(ISNUMBER(U22)), "-", IF(U22 < 70, "NA", "A")) -> - | X22: =IF($L22="X","-",IF(W22="","-",IF(J22="M",VLOOKUP(W22,T100Pts!U$5:AC$86,(L22+1)),IF(J22="F",VLOOKUP(W22,T100Pts!AE$5:AM$86,(L22+1)),"")))) -> - | Z22: =IF($L22="X","-",IF(Y22="","-",IF(J22="M",VLOOKUP(Y22,T100Pts!AO$5:AW$126,(L22+1)),IF(J22="F",VLOOKUP(Y22,T100Pts!AY$5:BG$126,(L22+1)),"")))) -> - | AB22: =IF(OR($L22="X",$L22=6,$L22=7),"-",IF(AA22="","-",IF(J22="M",VLOOKUP(AA22,T100Pts!BI$5:BN$44,(L22+1)),IF(J22="F",VLOOKUP(AA22,T100Pts!BU$5:BZ$44,(L22+1)),"")))) -> - | AD22: =IF($L22="X","-",IF(AC22="","-",IF(J22="M",VLOOKUP(AC22,T100Pts!A$5:I$1146,(L22+1)),IF(J22="F",VLOOKUP(AC22,T100Pts!K$5:S$1146,(L22+1)),"")))) -> - | AE22: =IF(OR(X22="X",Z22="X",AB22="X",AD22="X"),"NR",IF(AND(X22="-",Z22="-",AD22="-"),"-",IF(AB22="-",AVERAGE(IF(ISNUMBER(X22),X22),IF(ISNUMBER(Z22),Z22),IF(ISNUMBER(AD22),AD22)),AVERAGE(IF(ISNUMBER(X22),X22),IF(ISNUMBER(Z22),Z22),IF(ISNUMBER(AB22),AB22),IF(ISNUMBER(AD22),AD22))))) -> - | AF22: =IF(NOT(ISNUMBER(AE22)), "-", IF(AE22 < 70, "NA", "A")) -> - | AG22: =AVERAGE(U22,AE22) -> #DIV/0! | AH22: =IF(NOT(ISNUMBER(AG22)), "-", IF(AG22 < 70, "NA", "A")) -> - | AJ22: =IF(OR(B22="TG",B22="GD",B22="GB",B22="CY",B22="CR",B22="TC",B22="MY",B22="CT",B22="TP",B22="TP EC",B22="TT",B22="TT EC",B22="ST",B22="ST EC"),"Oficial",IF(OR(B22="VP",B22="VS",B22="VS EC"),"Vol",IF(B22="","","Subof")))
A23: 10 | I23: =IF(OR(G23="",H23=""),"-",ROUND(G23/(H23^2),0)) -> - | J23: F | K23: =IF(F23>0,DATEDIF(F23,$L$1,"Y"),"-") -> - | L23: =IF(F23="","-",IF(K23<>"",VLOOKUP(K23,T100Pts!CH$4:CI$59,(2)))) -> - | N23: =IF($L23="X","-",IF(M23="","-",IF(J23="M",VLOOKUP(M23,T100Pts!U$5:AC$86,(L23+1)),IF(J23="F",VLOOKUP(M23,T100Pts!AE$5:AM$86,(L23+1)),"")))) -> - | P23: =IF($L23="X","-",IF(O23="","-",IF(J23="M",VLOOKUP(O23,T100Pts!AO$5:AW$126,(L23+1)),IF(J23="F",VLOOKUP(O23,T100Pts!AY$5:BG$126,(L23+1)),"")))) -> - | R23: =IF(OR($L23="X",$L23=6,$L23=7),"-",IF(Q23="","-",IF(J23="M",VLOOKUP(Q23,T100Pts!BI$5:BN$44,(L23+1)),IF(J23="F",VLOOKUP(Q23,T100Pts!BU$5:BZ$44,(L23+1)),"")))) -> - | T23: =IF($L23="X","-",IF(S23="","-",IF(J23="M",VLOOKUP(S23,T100Pts!A$5:I$1146,(L23+1)),IF(J23="F",VLOOKUP(S23,T100Pts!K$5:S$1147,(L23+1)),"")))) -> - | U23: =IF(OR(N23="X",P23="X",R23="X",T23="X"),"NR",IF(AND(N23="-",P23="-",T23="-"),"-",IF(R23="-",AVERAGE(IF(ISNUMBER(N23),N23),IF(ISNUMBER(P23),P23),IF(ISNUMBER(T23),T23)),AVERAGE(IF(ISNUMBER(N23),N23),IF(ISNUMBER(P23),P23),IF(ISNUMBER(R23),R23),IF(ISNUMBER(T23),T23))))) -> - | V23: =IF(NOT(ISNUMBER(U23)), "-", IF(U23 < 70, "NA", "A")) -> - | X23: =IF($L23="X","-",IF(W23="","-",IF(J23="M",VLOOKUP(W23,T100Pts!U$5:AC$86,(L23+1)),IF(J23="F",VLOOKUP(W23,T100Pts!AE$5:AM$86,(L23+1)),"")))) -> - | Z23: =IF($L23="X","-",IF(Y23="","-",IF(J23="M",VLOOKUP(Y23,T100Pts!AO$5:AW$126,(L23+1)),IF(J23="F",VLOOKUP(Y23,T100Pts!AY$5:BG$126,(L23+1)),"")))) -> - | AB23: =IF(OR($L23="X",$L23=6,$L23=7),"-",IF(AA23="","-",IF(J23="M",VLOOKUP(AA23,T100Pts!BI$5:BN$44,(L23+1)),IF(J23="F",VLOOKUP(AA23,T100Pts!BU$5:BZ$44,(L23+1)),"")))) -> - | AD23: =IF($L23="X","-",IF(AC23="","-",IF(J23="M",VLOOKUP(AC23,T100Pts!A$5:I$1146,(L23+1)),IF(J23="F",VLOOKUP(AC23,T100Pts!K$5:S$1146,(L23+1)),"")))) -> - | AE23: =IF(OR(X23="X",Z23="X",AB23="X",AD23="X"),"NR",IF(AND(X23="-",Z23="-",AD23="-"),"-",IF(AB23="-",AVERAGE(IF(ISNUMBER(X23),X23),IF(ISNUMBER(Z23),Z23),IF(ISNUMBER(AD23),AD23)),AVERAGE(IF(ISNUMBER(X23),X23),IF(ISNUMBER(Z23),Z23),IF(ISNUMBER(AB23),AB23),IF(ISNUMBER(AD23),AD23))))) -> - | AF23: =IF(NOT(ISNUMBER(AE23)), "-", IF(AE23 < 70, "NA", "A")) -> - | AG23: =AVERAGE(U23,AE23) -> #DIV/0! | AH23: =IF(NOT(ISNUMBER(AG23)), "-", IF(AG23 < 70, "NA", "A")) -> - | AJ23: =IF(OR(B23="TG",B23="GD",B23="GB",B23="CY",B23="CR",B23="TC",B23="MY",B23="CT",B23="TP",B23="TP EC",B23="TT",B23="TT EC",B23="ST",B23="ST EC"),"Oficial",IF(OR(B23="VP",B23="VS",B23="VS EC"),"Vol",IF(B23="","","Subof")))
A24: 11 | I24: =IF(OR(G24="",H24=""),"-",ROUND(G24/(H24^2),0)) -> - | J24: M | K24: =IF(F24>0,DATEDIF(F24,$L$1,"Y"),"-") -> - | L24: =IF(F24="","-",IF(K24<>"",VLOOKUP(K24,T100Pts!CH$4:CI$59,(2)))) -> - | N24: =IF($L24="X","-",IF(M24="","-",IF(J24="M",VLOOKUP(M24,T100Pts!U$5:AC$86,(L24+1)),IF(J24="F",VLOOKUP(M24,T100Pts!AE$5:AM$86,(L24+1)),"")))) -> - | P24: =IF($L24="X","-",IF(O24="","-",IF(J24="M",VLOOKUP(O24,T100Pts!AO$5:AW$126,(L24+1)),IF(J24="F",VLOOKUP(O24,T100Pts!AY$5:BG$126,(L24+1)),"")))) -> - | R24: =IF(OR($L24="X",$L24=6,$L24=7),"-",IF(Q24="","-",IF(J24="M",VLOOKUP(Q24,T100Pts!BI$5:BN$44,(L24+1)),IF(J24="F",VLOOKUP(Q24,T100Pts!BU$5:BZ$44,(L24+1)),"")))) -> - | T24: =IF($L24="X","-",IF(S24="","-",IF(J24="M",VLOOKUP(S24,T100Pts!A$5:I$1146,(L24+1)),IF(J24="F",VLOOKUP(S24,T100Pts!K$5:S$1147,(L24+1)),"")))) -> - | U24: =IF(OR(N24="X",P24="X",R24="X",T24="X"),"NR",IF(AND(N24="-",P24="-",T24="-"),"-",IF(R24="-",AVERAGE(IF(ISNUMBER(N24),N24),IF(ISNUMBER(P24),P24),IF(ISNUMBER(T24),T24)),AVERAGE(IF(ISNUMBER(N24),N24),IF(ISNUMBER(P24),P24),IF(ISNUMBER(R24),R24),IF(ISNUMBER(T24),T24))))) -> - | V24: =IF(NOT(ISNUMBER(U24)), "-", IF(U24 < 70, "NA", "A")) -> - | X24: =IF($L24="X","-",IF(W24="","-",IF(J24="M",VLOOKUP(W24,T100Pts!U$5:AC$86,(L24+1)),IF(J24="F",VLOOKUP(W24,T100Pts!AE$5:AM$86,(L24+1)),"")))) -> - | Z24: =IF($L24="X","-",IF(Y24="","-",IF(J24="M",VLOOKUP(Y24,T100Pts!AO$5:AW$126,(L24+1)),IF(J24="F",VLOOKUP(Y24,T100Pts!AY$5:BG$126,(L24+1)),"")))) -> - | AB24: =IF(OR($L24="X",$L24=6,$L24=7),"-",IF(AA24="","-",IF(J24="M",VLOOKUP(AA24,T100Pts!BI$5:BN$44,(L24+1)),IF(J24="F",VLOOKUP(AA24,T100Pts!BU$5:BZ$44,(L24+1)),"")))) -> - | AD24: =IF($L24="X","-",IF(AC24="","-",IF(J24="M",VLOOKUP(AC24,T100Pts!A$5:I$1146,(L24+1)),IF(J24="F",VLOOKUP(AC24,T100Pts!K$5:S$1146,(L24+1)),"")))) -> - | AE24: =IF(OR(X24="X",Z24="X",AB24="X",AD24="X"),"NR",IF(AND(X24="-",Z24="-",AD24="-"),"-",IF(AB24="-",AVERAGE(IF(ISNUMBER(X24),X24),IF(ISNUMBER(Z24),Z24),IF(ISNUMBER(AD24),AD24)),AVERAGE(IF(ISNUMBER(X24),X24),IF(ISNUMBER(Z24),Z24),IF(ISNUMBER(AB24),AB24),IF(ISNUMBER(AD24),AD24))))) -> - | AF24: =IF(NOT(ISNUMBER(AE24)), "-", IF(AE24 < 70, "NA", "A")) -> - | AG24: =AVERAGE(U24,AE24) -> #DIV/0! | AH24: =IF(NOT(ISNUMBER(AG24)), "-", IF(AG24 < 70, "NA", "A")) -> - | AJ24: =IF(OR(B24="TG",B24="GD",B24="GB",B24="CY",B24="CR",B24="TC",B24="MY",B24="CT",B24="TP",B24="TP EC",B24="TT",B24="TT EC",B24="ST",B24="ST EC"),"Oficial",IF(OR(B24="VP",B24="VS",B24="VS EC"),"Vol",IF(B24="","","Subof")))
A25: 12 | I25: =IF(OR(G25="",H25=""),"-",ROUND(G25/(H25^2),0)) -> - | J25: M | K25: =IF(F25>0,DATEDIF(F25,$L$1,"Y"),"-") -> - | L25: =IF(F25="","-",IF(K25<>"",VLOOKUP(K25,T100Pts!CH$4:CI$59,(2)))) -> - | N25: =IF($L25="X","-",IF(M25="","-",IF(J25="M",VLOOKUP(M25,T100Pts!U$5:AC$86,(L25+1)),IF(J25="F",VLOOKUP(M25,T100Pts!AE$5:AM$86,(L25+1)),"")))) -> - | P25: =IF($L25="X","-",IF(O25="","-",IF(J25="M",VLOOKUP(O25,T100Pts!AO$5:AW$126,(L25+1)),IF(J25="F",VLOOKUP(O25,T100Pts!AY$5:BG$126,(L25+1)),"")))) -> - | R25: =IF(OR($L25="X",$L25=6,$L25=7),"-",IF(Q25="","-",IF(J25="M",VLOOKUP(Q25,T100Pts!BI$5:BN$44,(L25+1)),IF(J25="F",VLOOKUP(Q25,T100Pts!BU$5:BZ$44,(L25+1)),"")))) -> - | T25: =IF($L25="X","-",IF(S25="","-",IF(J25="M",VLOOKUP(S25,T100Pts!A$5:I$1146,(L25+1)),IF(J25="F",VLOOKUP(S25,T100Pts!K$5:S$1147,(L25+1)),"")))) -> - | U25: =IF(OR(N25="X",P25="X",R25="X",T25="X"),"NR",IF(AND(N25="-",P25="-",T25="-"),"-",IF(R25="-",AVERAGE(IF(ISNUMBER(N25),N25),IF(ISNUMBER(P25),P25),IF(ISNUMBER(T25),T25)),AVERAGE(IF(ISNUMBER(N25),N25),IF(ISNUMBER(P25),P25),IF(ISNUMBER(R25),R25),IF(ISNUMBER(T25),T25))))) -> - | V25: =IF(NOT(ISNUMBER(U25)), "-", IF(U25 < 70, "NA", "A")) -> - | X25: =IF($L25="X","-",IF(W25="","-",IF(J25="M",VLOOKUP(W25,T100Pts!U$5:AC$86,(L25+1)),IF(J25="F",VLOOKUP(W25,T100Pts!AE$5:AM$86,(L25+1)),"")))) -> - | Z25: =IF($L25="X","-",IF(Y25="","-",IF(J25="M",VLOOKUP(Y25,T100Pts!AO$5:AW$126,(L25+1)),IF(J25="F",VLOOKUP(Y25,T100Pts!AY$5:BG$126,(L25+1)),"")))) -> - | AB25: =IF(OR($L25="X",$L25=6,$L25=7),"-",IF(AA25="","-",IF(J25="M",VLOOKUP(AA25,T100Pts!BI$5:BN$44,(L25+1)),IF(J25="F",VLOOKUP(AA25,T100Pts!BU$5:BZ$44,(L25+1)),"")))) -> - | AD25: =IF($L25="X","-",IF(AC25="","-",IF(J25="M",VLOOKUP(AC25,T100Pts!A$5:I$1146,(L25+1)),IF(J25="F",VLOOKUP(AC25,T100Pts!K$5:S$1146,(L25+1)),"")))) -> - | AE25: =IF(OR(X25="X",Z25="X",AB25="X",AD25="X"),"NR",IF(AND(X25="-",Z25="-",AD25="-"),"-",IF(AB25="-",AVERAGE(IF(ISNUMBER(X25),X25),IF(ISNUMBER(Z25),Z25),IF(ISNUMBER(AD25),AD25)),AVERAGE(IF(ISNUMBER(X25),X25),IF(ISNUMBER(Z25),Z25),IF(ISNUMBER(AB25),AB25),IF(ISNUMBER(AD25),AD25))))) -> - | AF25: =IF(NOT(ISNUMBER(AE25)), "-", IF(AE25 < 70, "NA", "A")) -> - | AG25: =AVERAGE(U25,AE25) -> #DIV/0! | AH25: =IF(NOT(ISNUMBER(AG25)), "-", IF(AG25 < 70, "NA", "A")) -> - | AI25: COMISIÓN | AJ25: =IF(OR(B25="TG",B25="GD",B25="GB",B25="CY",B25="CR",B25="TC",B25="MY",B25="CT",B25="TP",B25="TP EC",B25="TT",B25="TT EC",B25="ST",B25="ST EC"),"Oficial",IF(OR(B25="VP",B25="VS",B25="VS EC"),"Vol",IF(B25="","","Subof")))
A26: 13 | I26: =IF(OR(G26="",H26=""),"-",ROUND(G26/(H26^2),0)) -> - | J26: M | K26: =IF(F26>0,DATEDIF(F26,$L$1,"Y"),"-") -> - | L26: =IF(F26="","-",IF(K26<>"",VLOOKUP(K26,T100Pts!CH$4:CI$59,(2)))) -> - | N26: =IF($L26="X","-",IF(M26="","-",IF(J26="M",VLOOKUP(M26,T100Pts!U$5:AC$86,(L26+1)),IF(J26="F",VLOOKUP(M26,T100Pts!AE$5:AM$86,(L26+1)),"")))) -> - | P26: =IF($L26="X","-",IF(O26="","-",IF(J26="M",VLOOKUP(O26,T100Pts!AO$5:AW$126,(L26+1)),IF(J26="F",VLOOKUP(O26,T100Pts!AY$5:BG$126,(L26+1)),"")))) -> - | R26: =IF(OR($L26="X",$L26=6,$L26=7),"-",IF(Q26="","-",IF(J26="M",VLOOKUP(Q26,T100Pts!BI$5:BN$44,(L26+1)),IF(J26="F",VLOOKUP(Q26,T100Pts!BU$5:BZ$44,(L26+1)),"")))) -> - | T26: =IF($L26="X","-",IF(S26="","-",IF(J26="M",VLOOKUP(S26,T100Pts!A$5:I$1146,(L26+1)),IF(J26="F",VLOOKUP(S26,T100Pts!K$5:S$1147,(L26+1)),"")))) -> - | U26: =IF(OR(N26="X",P26="X",R26="X",T26="X"),"NR",IF(AND(N26="-",P26="-",T26="-"),"-",IF(R26="-",AVERAGE(IF(ISNUMBER(N26),N26),IF(ISNUMBER(P26),P26),IF(ISNUMBER(T26),T26)),AVERAGE(IF(ISNUMBER(N26),N26),IF(ISNUMBER(P26),P26),IF(ISNUMBER(R26),R26),IF(ISNUMBER(T26),T26))))) -> - | V26: =IF(NOT(ISNUMBER(U26)), "-", IF(U26 < 70, "NA", "A")) -> - | X26: =IF($L26="X","-",IF(W26="","-",IF(J26="M",VLOOKUP(W26,T100Pts!U$5:AC$86,(L26+1)),IF(J26="F",VLOOKUP(W26,T100Pts!AE$5:AM$86,(L26+1)),"")))) -> - | Z26: =IF($L26="X","-",IF(Y26="","-",IF(J26="M",VLOOKUP(Y26,T100Pts!AO$5:AW$126,(L26+1)),IF(J26="F",VLOOKUP(Y26,T100Pts!AY$5:BG$126,(L26+1)),"")))) -> - | AB26: =IF(OR($L26="X",$L26=6,$L26=7),"-",IF(AA26="","-",IF(J26="M",VLOOKUP(AA26,T100Pts!BI$5:BN$44,(L26+1)),IF(J26="F",VLOOKUP(AA26,T100Pts!BU$5:BZ$44,(L26+1)),"")))) -> - | AD26: =IF($L26="X","-",IF(AC26="","-",IF(J26="M",VLOOKUP(AC26,T100Pts!A$5:I$1146,(L26+1)),IF(J26="F",VLOOKUP(AC26,T100Pts!K$5:S$1146,(L26+1)),"")))) -> - | AE26: =IF(OR(X26="X",Z26="X",AB26="X",AD26="X"),"NR",IF(AND(X26="-",Z26="-",AD26="-"),"-",IF(AB26="-",AVERAGE(IF(ISNUMBER(X26),X26),IF(ISNUMBER(Z26),Z26),IF(ISNUMBER(AD26),AD26)),AVERAGE(IF(ISNUMBER(X26),X26),IF(ISNUMBER(Z26),Z26),IF(ISNUMBER(AB26),AB26),IF(ISNUMBER(AD26),AD26))))) -> - | AF26: =IF(NOT(ISNUMBER(AE26)), "-", IF(AE26 < 70, "NA", "A")) -> - | AG26: =AVERAGE(U26,AE26) -> #DIV/0! | AH26: =IF(NOT(ISNUMBER(AG26)), "-", IF(AG26 < 70, "NA", "A")) -> - | AI26: COMISIÓN | AJ26: =IF(OR(B26="TG",B26="GD",B26="GB",B26="CY",B26="CR",B26="TC",B26="MY",B26="CT",B26="TP",B26="TP EC",B26="TT",B26="TT EC",B26="ST",B26="ST EC"),"Oficial",IF(OR(B26="VP",B26="VS",B26="VS EC"),"Vol",IF(B26="","","Subof")))
A27: 14 | I27: =IF(OR(G27="",H27=""),"-",ROUND(G27/(H27^2),0)) -> - | J27: M | K27: =IF(F27>0,DATEDIF(F27,$L$1,"Y"),"-") -> - | L27: =IF(F27="","-",IF(K27<>"",VLOOKUP(K27,T100Pts!CH$4:CI$59,(2)))) -> - | N27: =IF($L27="X","-",IF(M27="","-",IF(J27="M",VLOOKUP(M27,T100Pts!U$5:AC$86,(L27+1)),IF(J27="F",VLOOKUP(M27,T100Pts!AE$5:AM$86,(L27+1)),"")))) -> - | P27: =IF($L27="X","-",IF(O27="","-",IF(J27="M",VLOOKUP(O27,T100Pts!AO$5:AW$126,(L27+1)),IF(J27="F",VLOOKUP(O27,T100Pts!AY$5:BG$126,(L27+1)),"")))) -> - | R27: =IF(OR($L27="X",$L27=6,$L27=7),"-",IF(Q27="","-",IF(J27="M",VLOOKUP(Q27,T100Pts!BI$5:BN$44,(L27+1)),IF(J27="F",VLOOKUP(Q27,T100Pts!BU$5:BZ$44,(L27+1)),"")))) -> - | T27: =IF($L27="X","-",IF(S27="","-",IF(J27="M",VLOOKUP(S27,T100Pts!A$5:I$1146,(L27+1)),IF(J27="F",VLOOKUP(S27,T100Pts!K$5:S$1147,(L27+1)),"")))) -> - | U27: =IF(OR(N27="X",P27="X",R27="X",T27="X"),"NR",IF(AND(N27="-",P27="-",T27="-"),"-",IF(R27="-",AVERAGE(IF(ISNUMBER(N27),N27),IF(ISNUMBER(P27),P27),IF(ISNUMBER(T27),T27)),AVERAGE(IF(ISNUMBER(N27),N27),IF(ISNUMBER(P27),P27),IF(ISNUMBER(R27),R27),IF(ISNUMBER(T27),T27))))) -> - | V27: =IF(NOT(ISNUMBER(U27)), "-", IF(U27 < 70, "NA", "A")) -> - | X27: =IF($L27="X","-",IF(W27="","-",IF(J27="M",VLOOKUP(W27,T100Pts!U$5:AC$86,(L27+1)),IF(J27="F",VLOOKUP(W27,T100Pts!AE$5:AM$86,(L27+1)),"")))) -> - | Z27: =IF($L27="X","-",IF(Y27="","-",IF(J27="M",VLOOKUP(Y27,T100Pts!AO$5:AW$126,(L27+1)),IF(J27="F",VLOOKUP(Y27,T100Pts!AY$5:BG$126,(L27+1)),"")))) -> - | AB27: =IF(OR($L27="X",$L27=6,$L27=7),"-",IF(AA27="","-",IF(J27="M",VLOOKUP(AA27,T100Pts!BI$5:BN$44,(L27+1)),IF(J27="F",VLOOKUP(AA27,T100Pts!BU$5:BZ$44,(L27+1)),"")))) -> - | AD27: =IF($L27="X","-",IF(AC27="","-",IF(J27="M",VLOOKUP(AC27,T100Pts!A$5:I$1146,(L27+1)),IF(J27="F",VLOOKUP(AC27,T100Pts!K$5:S$1146,(L27+1)),"")))) -> - | AE27: =IF(OR(X27="X",Z27="X",AB27="X",AD27="X"),"NR",IF(AND(X27="-",Z27="-",AD27="-"),"-",IF(AB27="-",AVERAGE(IF(ISNUMBER(X27),X27),IF(ISNUMBER(Z27),Z27),IF(ISNUMBER(AD27),AD27)),AVERAGE(IF(ISNUMBER(X27),X27),IF(ISNUMBER(Z27),Z27),IF(ISNUMBER(AB27),AB27),IF(ISNUMBER(AD27),AD27))))) -> - | AF27: =IF(NOT(ISNUMBER(AE27)), "-", IF(AE27 < 70, "NA", "A")) -> - | AG27: =AVERAGE(U27,AE27) -> #DIV/0! | AH27: =IF(NOT(ISNUMBER(AG27)), "-", IF(AG27 < 70, "NA", "A")) -> - | AJ27: =IF(OR(B27="TG",B27="GD",B27="GB",B27="CY",B27="CR",B27="TC",B27="MY",B27="CT",B27="TP",B27="TP EC",B27="TT",B27="TT EC",B27="ST",B27="ST EC"),"Oficial",IF(OR(B27="VP",B27="VS",B27="VS EC"),"Vol",IF(B27="","","Subof")))
A28: 15 | I28: =IF(OR(G28="",H28=""),"-",ROUND(G28/(H28^2),0)) -> - | J28: M | K28: =IF(F28>0,DATEDIF(F28,$L$1,"Y"),"-") -> - | L28: =IF(F28="","-",IF(K28<>"",VLOOKUP(K28,T100Pts!CH$4:CI$59,(2)))) -> - | N28: =IF($L28="X","-",IF(M28="","-",IF(J28="M",VLOOKUP(M28,T100Pts!U$5:AC$86,(L28+1)),IF(J28="F",VLOOKUP(M28,T100Pts!AE$5:AM$86,(L28+1)),"")))) -> - | P28: =IF($L28="X","-",IF(O28="","-",IF(J28="M",VLOOKUP(O28,T100Pts!AO$5:AW$126,(L28+1)),IF(J28="F",VLOOKUP(O28,T100Pts!AY$5:BG$126,(L28+1)),"")))) -> - | R28: =IF(OR($L28="X",$L28=6,$L28=7),"-",IF(Q28="","-",IF(J28="M",VLOOKUP(Q28,T100Pts!BI$5:BN$44,(L28+1)),IF(J28="F",VLOOKUP(Q28,T100Pts!BU$5:BZ$44,(L28+1)),"")))) -> - | T28: =IF($L28="X","-",IF(S28="","-",IF(J28="M",VLOOKUP(S28,T100Pts!A$5:I$1146,(L28+1)),IF(J28="F",VLOOKUP(S28,T100Pts!K$5:S$1147,(L28+1)),"")))) -> - | U28: =IF(OR(N28="X",P28="X",R28="X",T28="X"),"NR",IF(AND(N28="-",P28="-",T28="-"),"-",IF(R28="-",AVERAGE(IF(ISNUMBER(N28),N28),IF(ISNUMBER(P28),P28),IF(ISNUMBER(T28),T28)),AVERAGE(IF(ISNUMBER(N28),N28),IF(ISNUMBER(P28),P28),IF(ISNUMBER(R28),R28),IF(ISNUMBER(T28),T28))))) -> - | V28: =IF(NOT(ISNUMBER(U28)), "-", IF(U28 < 70, "NA", "A")) -> - | X28: =IF($L28="X","-",IF(W28="","-",IF(J28="M",VLOOKUP(W28,T100Pts!U$5:AC$86,(L28+1)),IF(J28="F",VLOOKUP(W28,T100Pts!AE$5:AM$86,(L28+1)),"")))) -> - | Z28: =IF($L28="X","-",IF(Y28="","-",IF(J28="M",VLOOKUP(Y28,T100Pts!AO$5:AW$126,(L28+1)),IF(J28="F",VLOOKUP(Y28,T100Pts!AY$5:BG$126,(L28+1)),"")))) -> - | AB28: =IF(OR($L28="X",$L28=6,$L28=7),"-",IF(AA28="","-",IF(J28="M",VLOOKUP(AA28,T100Pts!BI$5:BN$44,(L28+1)),IF(J28="F",VLOOKUP(AA28,T100Pts!BU$5:BZ$44,(L28+1)),"")))) -> - | AD28: =IF($L28="X","-",IF(AC28="","-",IF(J28="M",VLOOKUP(AC28,T100Pts!A$5:I$1146,(L28+1)),IF(J28="F",VLOOKUP(AC28,T100Pts!K$5:S$1146,(L28+1)),"")))) -> - | AE28: =IF(OR(X28="X",Z28="X",AB28="X",AD28="X"),"NR",IF(AND(X28="-",Z28="-",AD28="-"),"-",IF(AB28="-",AVERAGE(IF(ISNUMBER(X28),X28),IF(ISNUMBER(Z28),Z28),IF(ISNUMBER(AD28),AD28)),AVERAGE(IF(ISNUMBER(X28),X28),IF(ISNUMBER(Z28),Z28),IF(ISNUMBER(AB28),AB28),IF(ISNUMBER(AD28),AD28))))) -> - | AF28: =IF(NOT(ISNUMBER(AE28)), "-", IF(AE28 < 70, "NA", "A")) -> - | AG28: =AVERAGE(U28,AE28) -> #DIV/0! | AH28: =IF(NOT(ISNUMBER(AG28)), "-", IF(AG28 < 70, "NA", "A")) -> - | AJ28: =IF(OR(B28="TG",B28="GD",B28="GB",B28="CY",B28="CR",B28="TC",B28="MY",B28="CT",B28="TP",B28="TP EC",B28="TT",B28="TT EC",B28="ST",B28="ST EC"),"Oficial",IF(OR(B28="VP",B28="VS",B28="VS EC"),"Vol",IF(B28="","","Subof")))
A29: 16 | I29: =IF(OR(G29="",H29=""),"-",ROUND(G29/(H29^2),0)) -> - | J29: M | K29: =IF(F29>0,DATEDIF(F29,$L$1,"Y"),"-") -> - | L29: =IF(F29="","-",IF(K29<>"",VLOOKUP(K29,T100Pts!CH$4:CI$59,(2)))) -> - | N29: =IF($L29="X","-",IF(M29="","-",IF(J29="M",VLOOKUP(M29,T100Pts!U$5:AC$86,(L29+1)),IF(J29="F",VLOOKUP(M29,T100Pts!AE$5:AM$86,(L29+1)),"")))) -> - | P29: =IF($L29="X","-",IF(O29="","-",IF(J29="M",VLOOKUP(O29,T100Pts!AO$5:AW$126,(L29+1)),IF(J29="F",VLOOKUP(O29,T100Pts!AY$5:BG$126,(L29+1)),"")))) -> - | R29: =IF(OR($L29="X",$L29=6,$L29=7),"-",IF(Q29="","-",IF(J29="M",VLOOKUP(Q29,T100Pts!BI$5:BN$44,(L29+1)),IF(J29="F",VLOOKUP(Q29,T100Pts!BU$5:BZ$44,(L29+1)),"")))) -> - | T29: =IF($L29="X","-",IF(S29="","-",IF(J29="M",VLOOKUP(S29,T100Pts!A$5:I$1146,(L29+1)),IF(J29="F",VLOOKUP(S29,T100Pts!K$5:S$1147,(L29+1)),"")))) -> - | U29: =IF(OR(N29="X",P29="X",R29="X",T29="X"),"NR",IF(AND(N29="-",P29="-",T29="-"),"-",IF(R29="-",AVERAGE(IF(ISNUMBER(N29),N29),IF(ISNUMBER(P29),P29),IF(ISNUMBER(T29),T29)),AVERAGE(IF(ISNUMBER(N29),N29),IF(ISNUMBER(P29),P29),IF(ISNUMBER(R29),R29),IF(ISNUMBER(T29),T29))))) -> - | V29: =IF(NOT(ISNUMBER(U29)), "-", IF(U29 < 70, "NA", "A")) -> - | X29: =IF($L29="X","-",IF(W29="","-",IF(J29="M",VLOOKUP(W29,T100Pts!U$5:AC$86,(L29+1)),IF(J29="F",VLOOKUP(W29,T100Pts!AE$5:AM$86,(L29+1)),"")))) -> - | Z29: =IF($L29="X","-",IF(Y29="","-",IF(J29="M",VLOOKUP(Y29,T100Pts!AO$5:AW$126,(L29+1)),IF(J29="F",VLOOKUP(Y29,T100Pts!AY$5:BG$126,(L29+1)),"")))) -> - | AB29: =IF(OR($L29="X",$L29=6,$L29=7),"-",IF(AA29="","-",IF(J29="M",VLOOKUP(AA29,T100Pts!BI$5:BN$44,(L29+1)),IF(J29="F",VLOOKUP(AA29,T100Pts!BU$5:BZ$44,(L29+1)),"")))) -> - | AD29: =IF($L29="X","-",IF(AC29="","-",IF(J29="M",VLOOKUP(AC29,T100Pts!A$5:I$1146,(L29+1)),IF(J29="F",VLOOKUP(AC29,T100Pts!K$5:S$1146,(L29+1)),"")))) -> - | AE29: =IF(OR(X29="X",Z29="X",AB29="X",AD29="X"),"NR",IF(AND(X29="-",Z29="-",AD29="-"),"-",IF(AB29="-",AVERAGE(IF(ISNUMBER(X29),X29),IF(ISNUMBER(Z29),Z29),IF(ISNUMBER(AD29),AD29)),AVERAGE(IF(ISNUMBER(X29),X29),IF(ISNUMBER(Z29),Z29),IF(ISNUMBER(AB29),AB29),IF(ISNUMBER(AD29),AD29))))) -> - | AF29: =IF(NOT(ISNUMBER(AE29)), "-", IF(AE29 < 70, "NA", "A")) -> - | AG29: =AVERAGE(U29,AE29) -> #DIV/0! | AH29: =IF(NOT(ISNUMBER(AG29)), "-", IF(AG29 < 70, "NA", "A")) -> - | AJ29: =IF(OR(B29="TG",B29="GD",B29="GB",B29="CY",B29="CR",B29="TC",B29="MY",B29="CT",B29="TP",B29="TP EC",B29="TT",B29="TT EC",B29="ST",B29="ST EC"),"Oficial",IF(OR(B29="VP",B29="VS",B29="VS EC"),"Vol",IF(B29="","","Subof")))
A30: 17 | I30: =IF(OR(G30="",H30=""),"-",ROUND(G30/(H30^2),0)) -> - | J30: M | K30: =IF(F30>0,DATEDIF(F30,$L$1,"Y"),"-") -> - | L30: =IF(F30="","-",IF(K30<>"",VLOOKUP(K30,T100Pts!CH$4:CI$59,(2)))) -> - | N30: =IF($L30="X","-",IF(M30="","-",IF(J30="M",VLOOKUP(M30,T100Pts!U$5:AC$86,(L30+1)),IF(J30="F",VLOOKUP(M30,T100Pts!AE$5:AM$86,(L30+1)),"")))) -> - | P30: =IF($L30="X","-",IF(O30="","-",IF(J30="M",VLOOKUP(O30,T100Pts!AO$5:AW$126,(L30+1)),IF(J30="F",VLOOKUP(O30,T100Pts!AY$5:BG$126,(L30+1)),"")))) -> - | R30: =IF(OR($L30="X",$L30=6,$L30=7),"-",IF(Q30="","-",IF(J30="M",VLOOKUP(Q30,T100Pts!BI$5:BN$44,(L30+1)),IF(J30="F",VLOOKUP(Q30,T100Pts!BU$5:BZ$44,(L30+1)),"")))) -> - | T30: =IF($L30="X","-",IF(S30="","-",IF(J30="M",VLOOKUP(S30,T100Pts!A$5:I$1146,(L30+1)),IF(J30="F",VLOOKUP(S30,T100Pts!K$5:S$1147,(L30+1)),"")))) -> - | U30: =IF(OR(N30="X",P30="X",R30="X",T30="X"),"NR",IF(AND(N30="-",P30="-",T30="-"),"-",IF(R30="-",AVERAGE(IF(ISNUMBER(N30),N30),IF(ISNUMBER(P30),P30),IF(ISNUMBER(T30),T30)),AVERAGE(IF(ISNUMBER(N30),N30),IF(ISNUMBER(P30),P30),IF(ISNUMBER(R30),R30),IF(ISNUMBER(T30),T30))))) -> - | V30: =IF(NOT(ISNUMBER(U30)), "-", IF(U30 < 70, "NA", "A")) -> - | X30: =IF($L30="X","-",IF(W30="","-",IF(J30="M",VLOOKUP(W30,T100Pts!U$5:AC$86,(L30+1)),IF(J30="F",VLOOKUP(W30,T100Pts!AE$5:AM$86,(L30+1)),"")))) -> - | Z30: =IF($L30="X","-",IF(Y30="","-",IF(J30="M",VLOOKUP(Y30,T100Pts!AO$5:AW$126,(L30+1)),IF(J30="F",VLOOKUP(Y30,T100Pts!AY$5:BG$126,(L30+1)),"")))) -> - | AB30: =IF(OR($L30="X",$L30=6,$L30=7),"-",IF(AA30="","-",IF(J30="M",VLOOKUP(AA30,T100Pts!BI$5:BN$44,(L30+1)),IF(J30="F",VLOOKUP(AA30,T100Pts!BU$5:BZ$44,(L30+1)),"")))) -> - | AD30: =IF($L30="X","-",IF(AC30="","-",IF(J30="M",VLOOKUP(AC30,T100Pts!A$5:I$1146,(L30+1)),IF(J30="F",VLOOKUP(AC30,T100Pts!K$5:S$1146,(L30+1)),"")))) -> - | AE30: =IF(OR(X30="X",Z30="X",AB30="X",AD30="X"),"NR",IF(AND(X30="-",Z30="-",AD30="-"),"-",IF(AB30="-",AVERAGE(IF(ISNUMBER(X30),X30),IF(ISNUMBER(Z30),Z30),IF(ISNUMBER(AD30),AD30)),AVERAGE(IF(ISNUMBER(X30),X30),IF(ISNUMBER(Z30),Z30),IF(ISNUMBER(AB30),AB30),IF(ISNUMBER(AD30),AD30))))) -> - | AF30: =IF(NOT(ISNUMBER(AE30)), "-", IF(AE30 < 70, "NA", "A")) -> - | AG30: =AVERAGE(U30,AE30) -> #DIV/0! | AH30: =IF(NOT(ISNUMBER(AG30)), "-", IF(AG30 < 70, "NA", "A")) -> - | AI30: GENERO | AJ30: =IF(OR(B30="TG",B30="GD",B30="GB",B30="CY",B30="CR",B30="TC",B30="MY",B30="CT",B30="TP",B30="TP EC",B30="TT",B30="TT EC",B30="ST",B30="ST EC"),"Oficial",IF(OR(B30="VP",B30="VS",B30="VS EC"),"Vol",IF(B30="","","Subof")))
A31: 18 | I31: =IF(OR(G31="",H31=""),"-",ROUND(G31/(H31^2),0)) -> - | J31: M | K31: =IF(F31>0,DATEDIF(F31,$L$1,"Y"),"-") -> - | L31: =IF(F31="","-",IF(K31<>"",VLOOKUP(K31,T100Pts!CH$4:CI$59,(2)))) -> - | N31: =IF($L31="X","-",IF(M31="","-",IF(J31="M",VLOOKUP(M31,T100Pts!U$5:AC$86,(L31+1)),IF(J31="F",VLOOKUP(M31,T100Pts!AE$5:AM$86,(L31+1)),"")))) -> - | P31: =IF($L31="X","-",IF(O31="","-",IF(J31="M",VLOOKUP(O31,T100Pts!AO$5:AW$126,(L31+1)),IF(J31="F",VLOOKUP(O31,T100Pts!AY$5:BG$126,(L31+1)),"")))) -> - | R31: =IF(OR($L31="X",$L31=6,$L31=7),"-",IF(Q31="","-",IF(J31="M",VLOOKUP(Q31,T100Pts!BI$5:BN$44,(L31+1)),IF(J31="F",VLOOKUP(Q31,T100Pts!BU$5:BZ$44,(L31+1)),"")))) -> - | T31: =IF($L31="X","-",IF(S31="","-",IF(J31="M",VLOOKUP(S31,T100Pts!A$5:I$1146,(L31+1)),IF(J31="F",VLOOKUP(S31,T100Pts!K$5:S$1147,(L31+1)),"")))) -> - | U31: =IF(OR(N31="X",P31="X",R31="X",T31="X"),"NR",IF(AND(N31="-",P31="-",T31="-"),"-",IF(R31="-",AVERAGE(IF(ISNUMBER(N31),N31),IF(ISNUMBER(P31),P31),IF(ISNUMBER(T31),T31)),AVERAGE(IF(ISNUMBER(N31),N31),IF(ISNUMBER(P31),P31),IF(ISNUMBER(R31),R31),IF(ISNUMBER(T31),T31))))) -> - | V31: =IF(NOT(ISNUMBER(U31)), "-", IF(U31 < 70, "NA", "A")) -> - | X31: =IF($L31="X","-",IF(W31="","-",IF(J31="M",VLOOKUP(W31,T100Pts!U$5:AC$86,(L31+1)),IF(J31="F",VLOOKUP(W31,T100Pts!AE$5:AM$86,(L31+1)),"")))) -> - | Z31: =IF($L31="X","-",IF(Y31="","-",IF(J31="M",VLOOKUP(Y31,T100Pts!AO$5:AW$126,(L31+1)),IF(J31="F",VLOOKUP(Y31,T100Pts!AY$5:BG$126,(L31+1)),"")))) -> - | AB31: =IF(OR($L31="X",$L31=6,$L31=7),"-",IF(AA31="","-",IF(J31="M",VLOOKUP(AA31,T100Pts!BI$5:BN$44,(L31+1)),IF(J31="F",VLOOKUP(AA31,T100Pts!BU$5:BZ$44,(L31+1)),"")))) -> - | AD31: =IF($L31="X","-",IF(AC31="","-",IF(J31="M",VLOOKUP(AC31,T100Pts!A$5:I$1146,(L31+1)),IF(J31="F",VLOOKUP(AC31,T100Pts!K$5:S$1146,(L31+1)),"")))) -> - | AE31: =IF(OR(X31="X",Z31="X",AB31="X",AD31="X"),"NR",IF(AND(X31="-",Z31="-",AD31="-"),"-",IF(AB31="-",AVERAGE(IF(ISNUMBER(X31),X31),IF(ISNUMBER(Z31),Z31),IF(ISNUMBER(AD31),AD31)),AVERAGE(IF(ISNUMBER(X31),X31),IF(ISNUMBER(Z31),Z31),IF(ISNUMBER(AB31),AB31),IF(ISNUMBER(AD31),AD31))))) -> - | AF31: =IF(NOT(ISNUMBER(AE31)), "-", IF(AE31 < 70, "NA", "A")) -> - | AG31: =AVERAGE(U31,AE31) -> #DIV/0! | AH31: =IF(NOT(ISNUMBER(AG31)), "-", IF(AG31 < 70, "NA", "A")) -> - | AI31: PARTE DE ENFERMO RODILLA | AJ31: =IF(OR(B31="TG",B31="GD",B31="GB",B31="CY",B31="CR",B31="TC",B31="MY",B31="CT",B31="TP",B31="TP EC",B31="TT",B31="TT EC",B31="ST",B31="ST EC"),"Oficial",IF(OR(B31="VP",B31="VS",B31="VS EC"),"Vol",IF(B31="","","Subof")))
A32: 19 | I32: =IF(OR(G32="",H32=""),"-",ROUND(G32/(H32^2),0)) -> - | J32: M | K32: =IF(F32>0,DATEDIF(F32,$L$1,"Y"),"-") -> - | L32: =IF(F32="","-",IF(K32<>"",VLOOKUP(K32,T100Pts!CH$4:CI$59,(2)))) -> - | N32: =IF($L32="X","-",IF(M32="","-",IF(J32="M",VLOOKUP(M32,T100Pts!U$5:AC$86,(L32+1)),IF(J32="F",VLOOKUP(M32,T100Pts!AE$5:AM$86,(L32+1)),"")))) -> - | P32: =IF($L32="X","-",IF(O32="","-",IF(J32="M",VLOOKUP(O32,T100Pts!AO$5:AW$126,(L32+1)),IF(J32="F",VLOOKUP(O32,T100Pts!AY$5:BG$126,(L32+1)),"")))) -> - | R32: =IF(OR($L32="X",$L32=6,$L32=7),"-",IF(Q32="","-",IF(J32="M",VLOOKUP(Q32,T100Pts!BI$5:BN$44,(L32+1)),IF(J32="F",VLOOKUP(Q32,T100Pts!BU$5:BZ$44,(L32+1)),"")))) -> - | T32: =IF($L32="X","-",IF(S32="","-",IF(J32="M",VLOOKUP(S32,T100Pts!A$5:I$1146,(L32+1)),IF(J32="F",VLOOKUP(S32,T100Pts!K$5:S$1147,(L32+1)),"")))) -> - | U32: =IF(OR(N32="X",P32="X",R32="X",T32="X"),"NR",IF(AND(N32="-",P32="-",T32="-"),"-",IF(R32="-",AVERAGE(IF(ISNUMBER(N32),N32),IF(ISNUMBER(P32),P32),IF(ISNUMBER(T32),T32)),AVERAGE(IF(ISNUMBER(N32),N32),IF(ISNUMBER(P32),P32),IF(ISNUMBER(R32),R32),IF(ISNUMBER(T32),T32))))) -> - | V32: =IF(NOT(ISNUMBER(U32)), "-", IF(U32 < 70, "NA", "A")) -> - | X32: =IF($L32="X","-",IF(W32="","-",IF(J32="M",VLOOKUP(W32,T100Pts!U$5:AC$86,(L32+1)),IF(J32="F",VLOOKUP(W32,T100Pts!AE$5:AM$86,(L32+1)),"")))) -> - | Z32: =IF($L32="X","-",IF(Y32="","-",IF(J32="M",VLOOKUP(Y32,T100Pts!AO$5:AW$126,(L32+1)),IF(J32="F",VLOOKUP(Y32,T100Pts!AY$5:BG$126,(L32+1)),"")))) -> - | AB32: =IF(OR($L32="X",$L32=6,$L32=7),"-",IF(AA32="","-",IF(J32="M",VLOOKUP(AA32,T100Pts!BI$5:BN$44,(L32+1)),IF(J32="F",VLOOKUP(AA32,T100Pts!BU$5:BZ$44,(L32+1)),"")))) -> - | AD32: =IF($L32="X","-",IF(AC32="","-",IF(J32="M",VLOOKUP(AC32,T100Pts!A$5:I$1146,(L32+1)),IF(J32="F",VLOOKUP(AC32,T100Pts!K$5:S$1146,(L32+1)),"")))) -> - | AE32: =IF(OR(X32="X",Z32="X",AB32="X",AD32="X"),"NR",IF(AND(X32="-",Z32="-",AD32="-"),"-",IF(AB32="-",AVERAGE(IF(ISNUMBER(X32),X32),IF(ISNUMBER(Z32),Z32),IF(ISNUMBER(AD32),AD32)),AVERAGE(IF(ISNUMBER(X32),X32),IF(ISNUMBER(Z32),Z32),IF(ISNUMBER(AB32),AB32),IF(ISNUMBER(AD32),AD32))))) -> - | AF32: =IF(NOT(ISNUMBER(AE32)), "-", IF(AE32 < 70, "NA", "A")) -> - | AG32: =AVERAGE(U32,AE32) -> #DIV/0! | AH32: =IF(NOT(ISNUMBER(AG32)), "-", IF(AG32 < 70, "NA", "A")) -> - | AI32: SIN ANEXO 27 1ER SEM | AJ32: =IF(OR(B32="TG",B32="GD",B32="GB",B32="CY",B32="CR",B32="TC",B32="MY",B32="CT",B32="TP",B32="TP EC",B32="TT",B32="TT EC",B32="ST",B32="ST EC"),"Oficial",IF(OR(B32="VP",B32="VS",B32="VS EC"),"Vol",IF(B32="","","Subof")))
A33: 20 | I33: =IF(OR(G33="",H33=""),"-",ROUND(G33/(H33^2),0)) -> - | J33: M | K33: =IF(F33>0,DATEDIF(F33,$L$1,"Y"),"-") -> - | L33: =IF(F33="","-",IF(K33<>"",VLOOKUP(K33,T100Pts!CH$4:CI$59,(2)))) -> - | N33: =IF($L33="X","-",IF(M33="","-",IF(J33="M",VLOOKUP(M33,T100Pts!U$5:AC$86,(L33+1)),IF(J33="F",VLOOKUP(M33,T100Pts!AE$5:AM$86,(L33+1)),"")))) -> - | P33: =IF($L33="X","-",IF(O33="","-",IF(J33="M",VLOOKUP(O33,T100Pts!AO$5:AW$126,(L33+1)),IF(J33="F",VLOOKUP(O33,T100Pts!AY$5:BG$126,(L33+1)),"")))) -> - | R33: =IF(OR($L33="X",$L33=6,$L33=7),"-",IF(Q33="","-",IF(J33="M",VLOOKUP(Q33,T100Pts!BI$5:BN$44,(L33+1)),IF(J33="F",VLOOKUP(Q33,T100Pts!BU$5:BZ$44,(L33+1)),"")))) -> - | T33: =IF($L33="X","-",IF(S33="","-",IF(J33="M",VLOOKUP(S33,T100Pts!A$5:I$1146,(L33+1)),IF(J33="F",VLOOKUP(S33,T100Pts!K$5:S$1147,(L33+1)),"")))) -> - | U33: =IF(OR(N33="X",P33="X",R33="X",T33="X"),"NR",IF(AND(N33="-",P33="-",T33="-"),"-",IF(R33="-",AVERAGE(IF(ISNUMBER(N33),N33),IF(ISNUMBER(P33),P33),IF(ISNUMBER(T33),T33)),AVERAGE(IF(ISNUMBER(N33),N33),IF(ISNUMBER(P33),P33),IF(ISNUMBER(R33),R33),IF(ISNUMBER(T33),T33))))) -> - | V33: =IF(NOT(ISNUMBER(U33)), "-", IF(U33 < 70, "NA", "A")) -> - | X33: =IF($L33="X","-",IF(W33="","-",IF(J33="M",VLOOKUP(W33,T100Pts!U$5:AC$86,(L33+1)),IF(J33="F",VLOOKUP(W33,T100Pts!AE$5:AM$86,(L33+1)),"")))) -> - | Z33: =IF($L33="X","-",IF(Y33="","-",IF(J33="M",VLOOKUP(Y33,T100Pts!AO$5:AW$126,(L33+1)),IF(J33="F",VLOOKUP(Y33,T100Pts!AY$5:BG$126,(L33+1)),"")))) -> - | AB33: =IF(OR($L33="X",$L33=6,$L33=7),"-",IF(AA33="","-",IF(J33="M",VLOOKUP(AA33,T100Pts!BI$5:BN$44,(L33+1)),IF(J33="F",VLOOKUP(AA33,T100Pts!BU$5:BZ$44,(L33+1)),"")))) -> - | AD33: =IF($L33="X","-",IF(AC33="","-",IF(J33="M",VLOOKUP(AC33,T100Pts!A$5:I$1146,(L33+1)),IF(J33="F",VLOOKUP(AC33,T100Pts!K$5:S$1146,(L33+1)),"")))) -> - | AE33: =IF(OR(X33="X",Z33="X",AB33="X",AD33="X"),"NR",IF(AND(X33="-",Z33="-",AD33="-"),"-",IF(AB33="-",AVERAGE(IF(ISNUMBER(X33),X33),IF(ISNUMBER(Z33),Z33),IF(ISNUMBER(AD33),AD33)),AVERAGE(IF(ISNUMBER(X33),X33),IF(ISNUMBER(Z33),Z33),IF(ISNUMBER(AB33),AB33),IF(ISNUMBER(AD33),AD33))))) -> - | AF33: =IF(NOT(ISNUMBER(AE33)), "-", IF(AE33 < 70, "NA", "A")) -> - | AG33: =AVERAGE(U33,AE33) -> #DIV/0! | AH33: =IF(NOT(ISNUMBER(AG33)), "-", IF(AG33 < 70, "NA", "A")) -> - | AJ33: =IF(OR(B33="TG",B33="GD",B33="GB",B33="CY",B33="CR",B33="TC",B33="MY",B33="CT",B33="TP",B33="TP EC",B33="TT",B33="TT EC",B33="ST",B33="ST EC"),"Oficial",IF(OR(B33="VP",B33="VS",B33="VS EC"),"Vol",IF(B33="","","Subof")))
A34: 21 | I34: =IF(OR(G34="",H34=""),"-",ROUND(G34/(H34^2),0)) -> - | J34: M | K34: =IF(F34>0,DATEDIF(F34,$L$1,"Y"),"-") -> - | L34: =IF(F34="","-",IF(K34<>"",VLOOKUP(K34,T100Pts!CH$4:CI$59,(2)))) -> - | N34: =IF($L34="X","-",IF(M34="","-",IF(J34="M",VLOOKUP(M34,T100Pts!U$5:AC$86,(L34+1)),IF(J34="F",VLOOKUP(M34,T100Pts!AE$5:AM$86,(L34+1)),"")))) -> - | P34: =IF($L34="X","-",IF(O34="","-",IF(J34="M",VLOOKUP(O34,T100Pts!AO$5:AW$126,(L34+1)),IF(J34="F",VLOOKUP(O34,T100Pts!AY$5:BG$126,(L34+1)),"")))) -> - | R34: =IF(OR($L34="X",$L34=6,$L34=7),"-",IF(Q34="","-",IF(J34="M",VLOOKUP(Q34,T100Pts!BI$5:BN$44,(L34+1)),IF(J34="F",VLOOKUP(Q34,T100Pts!BU$5:BZ$44,(L34+1)),"")))) -> - | T34: =IF($L34="X","-",IF(S34="","-",IF(J34="M",VLOOKUP(S34,T100Pts!A$5:I$1146,(L34+1)),IF(J34="F",VLOOKUP(S34,T100Pts!K$5:S$1147,(L34+1)),"")))) -> - | U34: =IF(OR(N34="X",P34="X",R34="X",T34="X"),"NR",IF(AND(N34="-",P34="-",T34="-"),"-",IF(R34="-",AVERAGE(IF(ISNUMBER(N34),N34),IF(ISNUMBER(P34),P34),IF(ISNUMBER(T34),T34)),AVERAGE(IF(ISNUMBER(N34),N34),IF(ISNUMBER(P34),P34),IF(ISNUMBER(R34),R34),IF(ISNUMBER(T34),T34))))) -> - | V34: =IF(NOT(ISNUMBER(U34)), "-", IF(U34 < 70, "NA", "A")) -> - | X34: =IF($L34="X","-",IF(W34="","-",IF(J34="M",VLOOKUP(W34,T100Pts!U$5:AC$86,(L34+1)),IF(J34="F",VLOOKUP(W34,T100Pts!AE$5:AM$86,(L34+1)),"")))) -> - | Z34: =IF($L34="X","-",IF(Y34="","-",IF(J34="M",VLOOKUP(Y34,T100Pts!AO$5:AW$126,(L34+1)),IF(J34="F",VLOOKUP(Y34,T100Pts!AY$5:BG$126,(L34+1)),"")))) -> - | AB34: =IF(OR($L34="X",$L34=6,$L34=7),"-",IF(AA34="","-",IF(J34="M",VLOOKUP(AA34,T100Pts!BI$5:BN$44,(L34+1)),IF(J34="F",VLOOKUP(AA34,T100Pts!BU$5:BZ$44,(L34+1)),"")))) -> - | AD34: =IF($L34="X","-",IF(AC34="","-",IF(J34="M",VLOOKUP(AC34,T100Pts!A$5:I$1146,(L34+1)),IF(J34="F",VLOOKUP(AC34,T100Pts!K$5:S$1146,(L34+1)),"")))) -> - | AE34: =IF(OR(X34="X",Z34="X",AB34="X",AD34="X"),"NR",IF(AND(X34="-",Z34="-",AD34="-"),"-",IF(AB34="-",AVERAGE(IF(ISNUMBER(X34),X34),IF(ISNUMBER(Z34),Z34),IF(ISNUMBER(AD34),AD34)),AVERAGE(IF(ISNUMBER(X34),X34),IF(ISNUMBER(Z34),Z34),IF(ISNUMBER(AB34),AB34),IF(ISNUMBER(AD34),AD34))))) -> - | AF34: =IF(NOT(ISNUMBER(AE34)), "-", IF(AE34 < 70, "NA", "A")) -> - | AG34: =AVERAGE(U34,AE34) -> #DIV/0! | AH34: =IF(NOT(ISNUMBER(AG34)), "-", IF(AG34 < 70, "NA", "A")) -> - | AJ34: =IF(OR(B34="TG",B34="GD",B34="GB",B34="CY",B34="CR",B34="TC",B34="MY",B34="CT",B34="TP",B34="TP EC",B34="TT",B34="TT EC",B34="ST",B34="ST EC"),"Oficial",IF(OR(B34="VP",B34="VS",B34="VS EC"),"Vol",IF(B34="","","Subof")))
A35: 22 | I35: =IF(OR(G35="",H35=""),"-",ROUND(G35/(H35^2),0)) -> - | J35: M | K35: =IF(F35>0,DATEDIF(F35,$L$1,"Y"),"-") -> - | L35: =IF(F35="","-",IF(K35<>"",VLOOKUP(K35,T100Pts!CH$4:CI$59,(2)))) -> - | N35: =IF($L35="X","-",IF(M35="","-",IF(J35="M",VLOOKUP(M35,T100Pts!U$5:AC$86,(L35+1)),IF(J35="F",VLOOKUP(M35,T100Pts!AE$5:AM$86,(L35+1)),"")))) -> - | P35: =IF($L35="X","-",IF(O35="","-",IF(J35="M",VLOOKUP(O35,T100Pts!AO$5:AW$126,(L35+1)),IF(J35="F",VLOOKUP(O35,T100Pts!AY$5:BG$126,(L35+1)),"")))) -> - | R35: =IF(OR($L35="X",$L35=6,$L35=7),"-",IF(Q35="","-",IF(J35="M",VLOOKUP(Q35,T100Pts!BI$5:BN$44,(L35+1)),IF(J35="F",VLOOKUP(Q35,T100Pts!BU$5:BZ$44,(L35+1)),"")))) -> - | T35: =IF($L35="X","-",IF(S35="","-",IF(J35="M",VLOOKUP(S35,T100Pts!A$5:I$1146,(L35+1)),IF(J35="F",VLOOKUP(S35,T100Pts!K$5:S$1147,(L35+1)),"")))) -> - | U35: =IF(OR(N35="X",P35="X",R35="X",T35="X"),"NR",IF(AND(N35="-",P35="-",T35="-"),"-",IF(R35="-",AVERAGE(IF(ISNUMBER(N35),N35),IF(ISNUMBER(P35),P35),IF(ISNUMBER(T35),T35)),AVERAGE(IF(ISNUMBER(N35),N35),IF(ISNUMBER(P35),P35),IF(ISNUMBER(R35),R35),IF(ISNUMBER(T35),T35))))) -> - | V35: =IF(NOT(ISNUMBER(U35)), "-", IF(U35 < 70, "NA", "A")) -> - | X35: =IF($L35="X","-",IF(W35="","-",IF(J35="M",VLOOKUP(W35,T100Pts!U$5:AC$86,(L35+1)),IF(J35="F",VLOOKUP(W35,T100Pts!AE$5:AM$86,(L35+1)),"")))) -> - | Z35: =IF($L35="X","-",IF(Y35="","-",IF(J35="M",VLOOKUP(Y35,T100Pts!AO$5:AW$126,(L35+1)),IF(J35="F",VLOOKUP(Y35,T100Pts!AY$5:BG$126,(L35+1)),"")))) -> - | AB35: =IF(OR($L35="X",$L35=6,$L35=7),"-",IF(AA35="","-",IF(J35="M",VLOOKUP(AA35,T100Pts!BI$5:BN$44,(L35+1)),IF(J35="F",VLOOKUP(AA35,T100Pts!BU$5:BZ$44,(L35+1)),"")))) -> - | AD35: =IF($L35="X","-",IF(AC35="","-",IF(J35="M",VLOOKUP(AC35,T100Pts!A$5:I$1146,(L35+1)),IF(J35="F",VLOOKUP(AC35,T100Pts!K$5:S$1146,(L35+1)),"")))) -> - | AE35: =IF(OR(X35="X",Z35="X",AB35="X",AD35="X"),"NR",IF(AND(X35="-",Z35="-",AD35="-"),"-",IF(AB35="-",AVERAGE(IF(ISNUMBER(X35),X35),IF(ISNUMBER(Z35),Z35),IF(ISNUMBER(AD35),AD35)),AVERAGE(IF(ISNUMBER(X35),X35),IF(ISNUMBER(Z35),Z35),IF(ISNUMBER(AB35),AB35),IF(ISNUMBER(AD35),AD35))))) -> - | AF35: =IF(NOT(ISNUMBER(AE35)), "-", IF(AE35 < 70, "NA", "A")) -> - | AG35: =AVERAGE(U35,AE35) -> #DIV/0! | AH35: =IF(NOT(ISNUMBER(AG35)), "-", IF(AG35 < 70, "NA", "A")) -> - | AI35: DAF CIE: I 10 | AJ35: =IF(OR(B35="TG",B35="GD",B35="GB",B35="CY",B35="CR",B35="TC",B35="MY",B35="CT",B35="TP",B35="TP EC",B35="TT",B35="TT EC",B35="ST",B35="ST EC"),"Oficial",IF(OR(B35="VP",B35="VS",B35="VS EC"),"Vol",IF(B35="","","Subof")))
A36: 23 | I36: =IF(OR(G36="",H36=""),"-",ROUND(G36/(H36^2),0)) -> - | J36: M | K36: =IF(F36>0,DATEDIF(F36,$L$1,"Y"),"-") -> - | L36: =IF(F36="","-",IF(K36<>"",VLOOKUP(K36,T100Pts!CH$4:CI$59,(2)))) -> - | N36: =IF($L36="X","-",IF(M36="","-",IF(J36="M",VLOOKUP(M36,T100Pts!U$5:AC$86,(L36+1)),IF(J36="F",VLOOKUP(M36,T100Pts!AE$5:AM$86,(L36+1)),"")))) -> - | P36: =IF($L36="X","-",IF(O36="","-",IF(J36="M",VLOOKUP(O36,T100Pts!AO$5:AW$126,(L36+1)),IF(J36="F",VLOOKUP(O36,T100Pts!AY$5:BG$126,(L36+1)),"")))) -> - | R36: =IF(OR($L36="X",$L36=6,$L36=7),"-",IF(Q36="","-",IF(J36="M",VLOOKUP(Q36,T100Pts!BI$5:BN$44,(L36+1)),IF(J36="F",VLOOKUP(Q36,T100Pts!BU$5:BZ$44,(L36+1)),"")))) -> - | T36: =IF($L36="X","-",IF(S36="","-",IF(J36="M",VLOOKUP(S36,T100Pts!A$5:I$1146,(L36+1)),IF(J36="F",VLOOKUP(S36,T100Pts!K$5:S$1147,(L36+1)),"")))) -> - | U36: =IF(OR(N36="X",P36="X",R36="X",T36="X"),"NR",IF(AND(N36="-",P36="-",T36="-"),"-",IF(R36="-",AVERAGE(IF(ISNUMBER(N36),N36),IF(ISNUMBER(P36),P36),IF(ISNUMBER(T36),T36)),AVERAGE(IF(ISNUMBER(N36),N36),IF(ISNUMBER(P36),P36),IF(ISNUMBER(R36),R36),IF(ISNUMBER(T36),T36))))) -> - | V36: =IF(NOT(ISNUMBER(U36)), "-", IF(U36 < 70, "NA", "A")) -> - | X36: =IF($L36="X","-",IF(W36="","-",IF(J36="M",VLOOKUP(W36,T100Pts!U$5:AC$86,(L36+1)),IF(J36="F",VLOOKUP(W36,T100Pts!AE$5:AM$86,(L36+1)),"")))) -> - | Z36: =IF($L36="X","-",IF(Y36="","-",IF(J36="M",VLOOKUP(Y36,T100Pts!AO$5:AW$126,(L36+1)),IF(J36="F",VLOOKUP(Y36,T100Pts!AY$5:BG$126,(L36+1)),"")))) -> - | AB36: =IF(OR($L36="X",$L36=6,$L36=7),"-",IF(AA36="","-",IF(J36="M",VLOOKUP(AA36,T100Pts!BI$5:BN$44,(L36+1)),IF(J36="F",VLOOKUP(AA36,T100Pts!BU$5:BZ$44,(L36+1)),"")))) -> - | AD36: =IF($L36="X","-",IF(AC36="","-",IF(J36="M",VLOOKUP(AC36,T100Pts!A$5:I$1146,(L36+1)),IF(J36="F",VLOOKUP(AC36,T100Pts!K$5:S$1146,(L36+1)),"")))) -> - | AE36: =IF(OR(X36="X",Z36="X",AB36="X",AD36="X"),"NR",IF(AND(X36="-",Z36="-",AD36="-"),"-",IF(AB36="-",AVERAGE(IF(ISNUMBER(X36),X36),IF(ISNUMBER(Z36),Z36),IF(ISNUMBER(AD36),AD36)),AVERAGE(IF(ISNUMBER(X36),X36),IF(ISNUMBER(Z36),Z36),IF(ISNUMBER(AB36),AB36),IF(ISNUMBER(AD36),AD36))))) -> - | AF36: =IF(NOT(ISNUMBER(AE36)), "-", IF(AE36 < 70, "NA", "A")) -> - | AG36: =AVERAGE(U36,AE36) -> #DIV/0! | AH36: =IF(NOT(ISNUMBER(AG36)), "-", IF(AG36 < 70, "NA", "A")) -> - | AJ36: =IF(OR(B36="TG",B36="GD",B36="GB",B36="CY",B36="CR",B36="TC",B36="MY",B36="CT",B36="TP",B36="TP EC",B36="TT",B36="TT EC",B36="ST",B36="ST EC"),"Oficial",IF(OR(B36="VP",B36="VS",B36="VS EC"),"Vol",IF(B36="","","Subof")))
A37: 24 | I37: =IF(OR(G37="",H37=""),"-",ROUND(G37/(H37^2),0)) -> - | J37: M | K37: =IF(F37>0,DATEDIF(F37,$L$1,"Y"),"-") -> - | L37: =IF(F37="","-",IF(K37<>"",VLOOKUP(K37,T100Pts!CH$4:CI$59,(2)))) -> - | N37: =IF($L37="X","-",IF(M37="","-",IF(J37="M",VLOOKUP(M37,T100Pts!U$5:AC$86,(L37+1)),IF(J37="F",VLOOKUP(M37,T100Pts!AE$5:AM$86,(L37+1)),"")))) -> - | P37: =IF($L37="X","-",IF(O37="","-",IF(J37="M",VLOOKUP(O37,T100Pts!AO$5:AW$126,(L37+1)),IF(J37="F",VLOOKUP(O37,T100Pts!AY$5:BG$126,(L37+1)),"")))) -> - | R37: =IF(OR($L37="X",$L37=6,$L37=7),"-",IF(Q37="","-",IF(J37="M",VLOOKUP(Q37,T100Pts!BI$5:BN$44,(L37+1)),IF(J37="F",VLOOKUP(Q37,T100Pts!BU$5:BZ$44,(L37+1)),"")))) -> - | T37: =IF($L37="X","-",IF(S37="","-",IF(J37="M",VLOOKUP(S37,T100Pts!A$5:I$1146,(L37+1)),IF(J37="F",VLOOKUP(S37,T100Pts!K$5:S$1147,(L37+1)),"")))) -> - | U37: =IF(OR(N37="X",P37="X",R37="X",T37="X"),"NR",IF(AND(N37="-",P37="-",T37="-"),"-",IF(R37="-",AVERAGE(IF(ISNUMBER(N37),N37),IF(ISNUMBER(P37),P37),IF(ISNUMBER(T37),T37)),AVERAGE(IF(ISNUMBER(N37),N37),IF(ISNUMBER(P37),P37),IF(ISNUMBER(R37),R37),IF(ISNUMBER(T37),T37))))) -> - | V37: =IF(NOT(ISNUMBER(U37)), "-", IF(U37 < 70, "NA", "A")) -> - | X37: =IF($L37="X","-",IF(W37="","-",IF(J37="M",VLOOKUP(W37,T100Pts!U$5:AC$86,(L37+1)),IF(J37="F",VLOOKUP(W37,T100Pts!AE$5:AM$86,(L37+1)),"")))) -> - | Z37: =IF($L37="X","-",IF(Y37="","-",IF(J37="M",VLOOKUP(Y37,T100Pts!AO$5:AW$126,(L37+1)),IF(J37="F",VLOOKUP(Y37,T100Pts!AY$5:BG$126,(L37+1)),"")))) -> - | AB37: =IF(OR($L37="X",$L37=6,$L37=7),"-",IF(AA37="","-",IF(J37="M",VLOOKUP(AA37,T100Pts!BI$5:BN$44,(L37+1)),IF(J37="F",VLOOKUP(AA37,T100Pts!BU$5:BZ$44,(L37+1)),"")))) -> - | AD37: =IF($L37="X","-",IF(AC37="","-",IF(J37="M",VLOOKUP(AC37,T100Pts!A$5:I$1146,(L37+1)),IF(J37="F",VLOOKUP(AC37,T100Pts!K$5:S$1146,(L37+1)),"")))) -> - | AE37: =IF(OR(X37="X",Z37="X",AB37="X",AD37="X"),"NR",IF(AND(X37="-",Z37="-",AD37="-"),"-",IF(AB37="-",AVERAGE(IF(ISNUMBER(X37),X37),IF(ISNUMBER(Z37),Z37),IF(ISNUMBER(AD37),AD37)),AVERAGE(IF(ISNUMBER(X37),X37),IF(ISNUMBER(Z37),Z37),IF(ISNUMBER(AB37),AB37),IF(ISNUMBER(AD37),AD37))))) -> - | AF37: =IF(NOT(ISNUMBER(AE37)), "-", IF(AE37 < 70, "NA", "A")) -> - | AG37: =AVERAGE(U37,AE37) -> #DIV/0! | AH37: =IF(NOT(ISNUMBER(AG37)), "-", IF(AG37 < 70, "NA", "A")) -> - | AJ37: =IF(OR(B37="TG",B37="GD",B37="GB",B37="CY",B37="CR",B37="TC",B37="MY",B37="CT",B37="TP",B37="TP EC",B37="TT",B37="TT EC",B37="ST",B37="ST EC"),"Oficial",IF(OR(B37="VP",B37="VS",B37="VS EC"),"Vol",IF(B37="","","Subof")))
A38: 25 | I38: =IF(OR(G38="",H38=""),"-",ROUND(G38/(H38^2),0)) -> - | J38: M | K38: =IF(F38>0,DATEDIF(F38,$L$1,"Y"),"-") -> - | L38: =IF(F38="","-",IF(K38<>"",VLOOKUP(K38,T100Pts!CH$4:CI$59,(2)))) -> - | N38: =IF($L38="X","-",IF(M38="","-",IF(J38="M",VLOOKUP(M38,T100Pts!U$5:AC$86,(L38+1)),IF(J38="F",VLOOKUP(M38,T100Pts!AE$5:AM$86,(L38+1)),"")))) -> - | P38: =IF($L38="X","-",IF(O38="","-",IF(J38="M",VLOOKUP(O38,T100Pts!AO$5:AW$126,(L38+1)),IF(J38="F",VLOOKUP(O38,T100Pts!AY$5:BG$126,(L38+1)),"")))) -> - | R38: =IF(OR($L38="X",$L38=6,$L38=7),"-",IF(Q38="","-",IF(J38="M",VLOOKUP(Q38,T100Pts!BI$5:BN$44,(L38+1)),IF(J38="F",VLOOKUP(Q38,T100Pts!BU$5:BZ$44,(L38+1)),"")))) -> - | T38: =IF($L38="X","-",IF(S38="","-",IF(J38="M",VLOOKUP(S38,T100Pts!A$5:I$1146,(L38+1)),IF(J38="F",VLOOKUP(S38,T100Pts!K$5:S$1147,(L38+1)),"")))) -> - | U38: =IF(OR(N38="X",P38="X",R38="X",T38="X"),"NR",IF(AND(N38="-",P38="-",T38="-"),"-",IF(R38="-",AVERAGE(IF(ISNUMBER(N38),N38),IF(ISNUMBER(P38),P38),IF(ISNUMBER(T38),T38)),AVERAGE(IF(ISNUMBER(N38),N38),IF(ISNUMBER(P38),P38),IF(ISNUMBER(R38),R38),IF(ISNUMBER(T38),T38))))) -> - | V38: =IF(NOT(ISNUMBER(U38)), "-", IF(U38 < 70, "NA", "A")) -> - | X38: =IF($L38="X","-",IF(W38="","-",IF(J38="M",VLOOKUP(W38,T100Pts!U$5:AC$86,(L38+1)),IF(J38="F",VLOOKUP(W38,T100Pts!AE$5:AM$86,(L38+1)),"")))) -> - | Z38: =IF($L38="X","-",IF(Y38="","-",IF(J38="M",VLOOKUP(Y38,T100Pts!AO$5:AW$126,(L38+1)),IF(J38="F",VLOOKUP(Y38,T100Pts!AY$5:BG$126,(L38+1)),"")))) -> - | AB38: =IF(OR($L38="X",$L38=6,$L38=7),"-",IF(AA38="","-",IF(J38="M",VLOOKUP(AA38,T100Pts!BI$5:BN$44,(L38+1)),IF(J38="F",VLOOKUP(AA38,T100Pts!BU$5:BZ$44,(L38+1)),"")))) -> - | AD38: =IF($L38="X","-",IF(AC38="","-",IF(J38="M",VLOOKUP(AC38,T100Pts!A$5:I$1146,(L38+1)),IF(J38="F",VLOOKUP(AC38,T100Pts!K$5:S$1146,(L38+1)),"")))) -> - | AE38: =IF(OR(X38="X",Z38="X",AB38="X",AD38="X"),"NR",IF(AND(X38="-",Z38="-",AD38="-"),"-",IF(AB38="-",AVERAGE(IF(ISNUMBER(X38),X38),IF(ISNUMBER(Z38),Z38),IF(ISNUMBER(AD38),AD38)),AVERAGE(IF(ISNUMBER(X38),X38),IF(ISNUMBER(Z38),Z38),IF(ISNUMBER(AB38),AB38),IF(ISNUMBER(AD38),AD38))))) -> - | AF38: =IF(NOT(ISNUMBER(AE38)), "-", IF(AE38 < 70, "NA", "A")) -> - | AG38: =AVERAGE(U38,AE38) -> #DIV/0! | AH38: =IF(NOT(ISNUMBER(AG38)), "-", IF(AG38 < 70, "NA", "A")) -> - | AJ38: =IF(OR(B38="TG",B38="GD",B38="GB",B38="CY",B38="CR",B38="TC",B38="MY",B38="CT",B38="TP",B38="TP EC",B38="TT",B38="TT EC",B38="ST",B38="ST EC"),"Oficial",IF(OR(B38="VP",B38="VS",B38="VS EC"),"Vol",IF(B38="","","Subof")))
A39: 26 | I39: =IF(OR(G39="",H39=""),"-",ROUND(G39/(H39^2),0)) -> - | J39: M | K39: =IF(F39>0,DATEDIF(F39,$L$1,"Y"),"-") -> - | L39: =IF(F39="","-",IF(K39<>"",VLOOKUP(K39,T100Pts!CH$4:CI$59,(2)))) -> - | N39: =IF($L39="X","-",IF(M39="","-",IF(J39="M",VLOOKUP(M39,T100Pts!U$5:AC$86,(L39+1)),IF(J39="F",VLOOKUP(M39,T100Pts!AE$5:AM$86,(L39+1)),"")))) -> - | P39: =IF($L39="X","-",IF(O39="","-",IF(J39="M",VLOOKUP(O39,T100Pts!AO$5:AW$126,(L39+1)),IF(J39="F",VLOOKUP(O39,T100Pts!AY$5:BG$126,(L39+1)),"")))) -> - | R39: =IF(OR($L39="X",$L39=6,$L39=7),"-",IF(Q39="","-",IF(J39="M",VLOOKUP(Q39,T100Pts!BI$5:BN$44,(L39+1)),IF(J39="F",VLOOKUP(Q39,T100Pts!BU$5:BZ$44,(L39+1)),"")))) -> - | T39: =IF($L39="X","-",IF(S39="","-",IF(J39="M",VLOOKUP(S39,T100Pts!A$5:I$1146,(L39+1)),IF(J39="F",VLOOKUP(S39,T100Pts!K$5:S$1147,(L39+1)),"")))) -> - | U39: =IF(OR(N39="X",P39="X",R39="X",T39="X"),"NR",IF(AND(N39="-",P39="-",T39="-"),"-",IF(R39="-",AVERAGE(IF(ISNUMBER(N39),N39),IF(ISNUMBER(P39),P39),IF(ISNUMBER(T39),T39)),AVERAGE(IF(ISNUMBER(N39),N39),IF(ISNUMBER(P39),P39),IF(ISNUMBER(R39),R39),IF(ISNUMBER(T39),T39))))) -> - | V39: =IF(NOT(ISNUMBER(U39)), "-", IF(U39 < 70, "NA", "A")) -> - | X39: =IF($L39="X","-",IF(W39="","-",IF(J39="M",VLOOKUP(W39,T100Pts!U$5:AC$86,(L39+1)),IF(J39="F",VLOOKUP(W39,T100Pts!AE$5:AM$86,(L39+1)),"")))) -> - | Z39: =IF($L39="X","-",IF(Y39="","-",IF(J39="M",VLOOKUP(Y39,T100Pts!AO$5:AW$126,(L39+1)),IF(J39="F",VLOOKUP(Y39,T100Pts!AY$5:BG$126,(L39+1)),"")))) -> - | AB39: =IF(OR($L39="X",$L39=6,$L39=7),"-",IF(AA39="","-",IF(J39="M",VLOOKUP(AA39,T100Pts!BI$5:BN$44,(L39+1)),IF(J39="F",VLOOKUP(AA39,T100Pts!BU$5:BZ$44,(L39+1)),"")))) -> - | AD39: =IF($L39="X","-",IF(AC39="","-",IF(J39="M",VLOOKUP(AC39,T100Pts!A$5:I$1146,(L39+1)),IF(J39="F",VLOOKUP(AC39,T100Pts!K$5:S$1146,(L39+1)),"")))) -> - | AE39: =IF(OR(X39="X",Z39="X",AB39="X",AD39="X"),"NR",IF(AND(X39="-",Z39="-",AD39="-"),"-",IF(AB39="-",AVERAGE(IF(ISNUMBER(X39),X39),IF(ISNUMBER(Z39),Z39),IF(ISNUMBER(AD39),AD39)),AVERAGE(IF(ISNUMBER(X39),X39),IF(ISNUMBER(Z39),Z39),IF(ISNUMBER(AB39),AB39),IF(ISNUMBER(AD39),AD39))))) -> - | AF39: =IF(NOT(ISNUMBER(AE39)), "-", IF(AE39 < 70, "NA", "A")) -> - | AG39: =AVERAGE(U39,AE39) -> #DIV/0! | AH39: =IF(NOT(ISNUMBER(AG39)), "-", IF(AG39 < 70, "NA", "A")) -> - | AI39: AJM CIE: K 49.9 IJM | AJ39: =IF(OR(B39="TG",B39="GD",B39="GB",B39="CY",B39="CR",B39="TC",B39="MY",B39="CT",B39="TP",B39="TP EC",B39="TT",B39="TT EC",B39="ST",B39="ST EC"),"Oficial",IF(OR(B39="VP",B39="VS",B39="VS EC"),"Vol",IF(B39="","","Subof")))
A40: 27 | I40: =IF(OR(G40="",H40=""),"-",ROUND(G40/(H40^2),0)) -> - | J40: M | K40: =IF(F40>0,DATEDIF(F40,$L$1,"Y"),"-") -> - | L40: =IF(F40="","-",IF(K40<>"",VLOOKUP(K40,T100Pts!CH$4:CI$59,(2)))) -> - | N40: =IF($L40="X","-",IF(M40="","-",IF(J40="M",VLOOKUP(M40,T100Pts!U$5:AC$86,(L40+1)),IF(J40="F",VLOOKUP(M40,T100Pts!AE$5:AM$86,(L40+1)),"")))) -> - | P40: =IF($L40="X","-",IF(O40="","-",IF(J40="M",VLOOKUP(O40,T100Pts!AO$5:AW$126,(L40+1)),IF(J40="F",VLOOKUP(O40,T100Pts!AY$5:BG$126,(L40+1)),"")))) -> - | R40: =IF(OR($L40="X",$L40=6,$L40=7),"-",IF(Q40="","-",IF(J40="M",VLOOKUP(Q40,T100Pts!BI$5:BN$44,(L40+1)),IF(J40="F",VLOOKUP(Q40,T100Pts!BU$5:BZ$44,(L40+1)),"")))) -> - | T40: =IF($L40="X","-",IF(S40="","-",IF(J40="M",VLOOKUP(S40,T100Pts!A$5:I$1146,(L40+1)),IF(J40="F",VLOOKUP(S40,T100Pts!K$5:S$1147,(L40+1)),"")))) -> - | U40: =IF(OR(N40="X",P40="X",R40="X",T40="X"),"NR",IF(AND(N40="-",P40="-",T40="-"),"-",IF(R40="-",AVERAGE(IF(ISNUMBER(N40),N40),IF(ISNUMBER(P40),P40),IF(ISNUMBER(T40),T40)),AVERAGE(IF(ISNUMBER(N40),N40),IF(ISNUMBER(P40),P40),IF(ISNUMBER(R40),R40),IF(ISNUMBER(T40),T40))))) -> - | V40: =IF(NOT(ISNUMBER(U40)), "-", IF(U40 < 70, "NA", "A")) -> - | X40: =IF($L40="X","-",IF(W40="","-",IF(J40="M",VLOOKUP(W40,T100Pts!U$5:AC$86,(L40+1)),IF(J40="F",VLOOKUP(W40,T100Pts!AE$5:AM$86,(L40+1)),"")))) -> - | Z40: =IF($L40="X","-",IF(Y40="","-",IF(J40="M",VLOOKUP(Y40,T100Pts!AO$5:AW$126,(L40+1)),IF(J40="F",VLOOKUP(Y40,T100Pts!AY$5:BG$126,(L40+1)),"")))) -> - | AB40: =IF(OR($L40="X",$L40=6,$L40=7),"-",IF(AA40="","-",IF(J40="M",VLOOKUP(AA40,T100Pts!BI$5:BN$44,(L40+1)),IF(J40="F",VLOOKUP(AA40,T100Pts!BU$5:BZ$44,(L40+1)),"")))) -> - | AD40: =IF($L40="X","-",IF(AC40="","-",IF(J40="M",VLOOKUP(AC40,T100Pts!A$5:I$1146,(L40+1)),IF(J40="F",VLOOKUP(AC40,T100Pts!K$5:S$1146,(L40+1)),"")))) -> - | AE40: =IF(OR(X40="X",Z40="X",AB40="X",AD40="X"),"NR",IF(AND(X40="-",Z40="-",AD40="-"),"-",IF(AB40="-",AVERAGE(IF(ISNUMBER(X40),X40),IF(ISNUMBER(Z40),Z40),IF(ISNUMBER(AD40),AD40)),AVERAGE(IF(ISNUMBER(X40),X40),IF(ISNUMBER(Z40),Z40),IF(ISNUMBER(AB40),AB40),IF(ISNUMBER(AD40),AD40))))) -> - | AF40: =IF(NOT(ISNUMBER(AE40)), "-", IF(AE40 < 70, "NA", "A")) -> - | AG40: =AVERAGE(U40,AE40) -> #DIV/0! | AH40: =IF(NOT(ISNUMBER(AG40)), "-", IF(AG40 < 70, "NA", "A")) -> - | AJ40: =IF(OR(B40="TG",B40="GD",B40="GB",B40="CY",B40="CR",B40="TC",B40="MY",B40="CT",B40="TP",B40="TP EC",B40="TT",B40="TT EC",B40="ST",B40="ST EC"),"Oficial",IF(OR(B40="VP",B40="VS",B40="VS EC"),"Vol",IF(B40="","","Subof")))
A41: 28 | I41: =IF(OR(G41="",H41=""),"-",ROUND(G41/(H41^2),0)) -> - | J41: M | K41: =IF(F41>0,DATEDIF(F41,$L$1,"Y"),"-") -> - | L41: =IF(F41="","-",IF(K41<>"",VLOOKUP(K41,T100Pts!CH$4:CI$59,(2)))) -> - | N41: =IF($L41="X","-",IF(M41="","-",IF(J41="M",VLOOKUP(M41,T100Pts!U$5:AC$86,(L41+1)),IF(J41="F",VLOOKUP(M41,T100Pts!AE$5:AM$86,(L41+1)),"")))) -> - | P41: =IF($L41="X","-",IF(O41="","-",IF(J41="M",VLOOKUP(O41,T100Pts!AO$5:AW$126,(L41+1)),IF(J41="F",VLOOKUP(O41,T100Pts!AY$5:BG$126,(L41+1)),"")))) -> - | R41: =IF(OR($L41="X",$L41=6,$L41=7),"-",IF(Q41="","-",IF(J41="M",VLOOKUP(Q41,T100Pts!BI$5:BN$44,(L41+1)),IF(J41="F",VLOOKUP(Q41,T100Pts!BU$5:BZ$44,(L41+1)),"")))) -> - | T41: =IF($L41="X","-",IF(S41="","-",IF(J41="M",VLOOKUP(S41,T100Pts!A$5:I$1146,(L41+1)),IF(J41="F",VLOOKUP(S41,T100Pts!K$5:S$1147,(L41+1)),"")))) -> - | U41: =IF(OR(N41="X",P41="X",R41="X",T41="X"),"NR",IF(AND(N41="-",P41="-",T41="-"),"-",IF(R41="-",AVERAGE(IF(ISNUMBER(N41),N41),IF(ISNUMBER(P41),P41),IF(ISNUMBER(T41),T41)),AVERAGE(IF(ISNUMBER(N41),N41),IF(ISNUMBER(P41),P41),IF(ISNUMBER(R41),R41),IF(ISNUMBER(T41),T41))))) -> - | V41: =IF(NOT(ISNUMBER(U41)), "-", IF(U41 < 70, "NA", "A")) -> - | X41: =IF($L41="X","-",IF(W41="","-",IF(J41="M",VLOOKUP(W41,T100Pts!U$5:AC$86,(L41+1)),IF(J41="F",VLOOKUP(W41,T100Pts!AE$5:AM$86,(L41+1)),"")))) -> - | Z41: =IF($L41="X","-",IF(Y41="","-",IF(J41="M",VLOOKUP(Y41,T100Pts!AO$5:AW$126,(L41+1)),IF(J41="F",VLOOKUP(Y41,T100Pts!AY$5:BG$126,(L41+1)),"")))) -> - | AB41: =IF(OR($L41="X",$L41=6,$L41=7),"-",IF(AA41="","-",IF(J41="M",VLOOKUP(AA41,T100Pts!BI$5:BN$44,(L41+1)),IF(J41="F",VLOOKUP(AA41,T100Pts!BU$5:BZ$44,(L41+1)),"")))) -> - | AD41: =IF($L41="X","-",IF(AC41="","-",IF(J41="M",VLOOKUP(AC41,T100Pts!A$5:I$1146,(L41+1)),IF(J41="F",VLOOKUP(AC41,T100Pts!K$5:S$1146,(L41+1)),"")))) -> - | AE41: =IF(OR(X41="X",Z41="X",AB41="X",AD41="X"),"NR",IF(AND(X41="-",Z41="-",AD41="-"),"-",IF(AB41="-",AVERAGE(IF(ISNUMBER(X41),X41),IF(ISNUMBER(Z41),Z41),IF(ISNUMBER(AD41),AD41)),AVERAGE(IF(ISNUMBER(X41),X41),IF(ISNUMBER(Z41),Z41),IF(ISNUMBER(AB41),AB41),IF(ISNUMBER(AD41),AD41))))) -> - | AF41: =IF(NOT(ISNUMBER(AE41)), "-", IF(AE41 < 70, "NA", "A")) -> - | AG41: =AVERAGE(U41,AE41) -> #DIV/0! | AH41: =IF(NOT(ISNUMBER(AG41)), "-", IF(AG41 < 70, "NA", "A")) -> - | AI41: AJM CIE: E66 | AJ41: =IF(OR(B41="TG",B41="GD",B41="GB",B41="CY",B41="CR",B41="TC",B41="MY",B41="CT",B41="TP",B41="TP EC",B41="TT",B41="TT EC",B41="ST",B41="ST EC"),"Oficial",IF(OR(B41="VP",B41="VS",B41="VS EC"),"Vol",IF(B41="","","Subof")))
A42: 29 | I42: =IF(OR(G42="",H42=""),"-",ROUND(G42/(H42^2),0)) -> - | J42: M | K42: =IF(F42>0,DATEDIF(F42,$L$1,"Y"),"-") -> - | L42: =IF(F42="","-",IF(K42<>"",VLOOKUP(K42,T100Pts!CH$4:CI$59,(2)))) -> - | N42: =IF($L42="X","-",IF(M42="","-",IF(J42="M",VLOOKUP(M42,T100Pts!U$5:AC$86,(L42+1)),IF(J42="F",VLOOKUP(M42,T100Pts!AE$5:AM$86,(L42+1)),"")))) -> - | P42: =IF($L42="X","-",IF(O42="","-",IF(J42="M",VLOOKUP(O42,T100Pts!AO$5:AW$126,(L42+1)),IF(J42="F",VLOOKUP(O42,T100Pts!AY$5:BG$126,(L42+1)),"")))) -> - | R42: =IF(OR($L42="X",$L42=6,$L42=7),"-",IF(Q42="","-",IF(J42="M",VLOOKUP(Q42,T100Pts!BI$5:BN$44,(L42+1)),IF(J42="F",VLOOKUP(Q42,T100Pts!BU$5:BZ$44,(L42+1)),"")))) -> - | T42: =IF($L42="X","-",IF(S42="","-",IF(J42="M",VLOOKUP(S42,T100Pts!A$5:I$1146,(L42+1)),IF(J42="F",VLOOKUP(S42,T100Pts!K$5:S$1147,(L42+1)),"")))) -> - | U42: =IF(OR(N42="X",P42="X",R42="X",T42="X"),"NR",IF(AND(N42="-",P42="-",T42="-"),"-",IF(R42="-",AVERAGE(IF(ISNUMBER(N42),N42),IF(ISNUMBER(P42),P42),IF(ISNUMBER(T42),T42)),AVERAGE(IF(ISNUMBER(N42),N42),IF(ISNUMBER(P42),P42),IF(ISNUMBER(R42),R42),IF(ISNUMBER(T42),T42))))) -> - | V42: =IF(NOT(ISNUMBER(U42)), "-", IF(U42 < 70, "NA", "A")) -> - | X42: =IF($L42="X","-",IF(W42="","-",IF(J42="M",VLOOKUP(W42,T100Pts!U$5:AC$86,(L42+1)),IF(J42="F",VLOOKUP(W42,T100Pts!AE$5:AM$86,(L42+1)),"")))) -> - | Z42: =IF($L42="X","-",IF(Y42="","-",IF(J42="M",VLOOKUP(Y42,T100Pts!AO$5:AW$126,(L42+1)),IF(J42="F",VLOOKUP(Y42,T100Pts!AY$5:BG$126,(L42+1)),"")))) -> - | AB42: =IF(OR($L42="X",$L42=6,$L42=7),"-",IF(AA42="","-",IF(J42="M",VLOOKUP(AA42,T100Pts!BI$5:BN$44,(L42+1)),IF(J42="F",VLOOKUP(AA42,T100Pts!BU$5:BZ$44,(L42+1)),"")))) -> - | AD42: =IF($L42="X","-",IF(AC42="","-",IF(J42="M",VLOOKUP(AC42,T100Pts!A$5:I$1146,(L42+1)),IF(J42="F",VLOOKUP(AC42,T100Pts!K$5:S$1146,(L42+1)),"")))) -> - | AE42: =IF(OR(X42="X",Z42="X",AB42="X",AD42="X"),"NR",IF(AND(X42="-",Z42="-",AD42="-"),"-",IF(AB42="-",AVERAGE(IF(ISNUMBER(X42),X42),IF(ISNUMBER(Z42),Z42),IF(ISNUMBER(AD42),AD42)),AVERAGE(IF(ISNUMBER(X42),X42),IF(ISNUMBER(Z42),Z42),IF(ISNUMBER(AB42),AB42),IF(ISNUMBER(AD42),AD42))))) -> - | AF42: =IF(NOT(ISNUMBER(AE42)), "-", IF(AE42 < 70, "NA", "A")) -> - | AG42: =AVERAGE(U42,AE42) -> #DIV/0! | AH42: =IF(NOT(ISNUMBER(AG42)), "-", IF(AG42 < 70, "NA", "A")) -> - | AJ42: =IF(OR(B42="TG",B42="GD",B42="GB",B42="CY",B42="CR",B42="TC",B42="MY",B42="CT",B42="TP",B42="TP EC",B42="TT",B42="TT EC",B42="ST",B42="ST EC"),"Oficial",IF(OR(B42="VP",B42="VS",B42="VS EC"),"Vol",IF(B42="","","Subof")))
A43: 30 | I43: =IF(OR(G43="",H43=""),"-",ROUND(G43/(H43^2),0)) -> - | J43: M | K43: =IF(F43>0,DATEDIF(F43,$L$1,"Y"),"-") -> - | L43: =IF(F43="","-",IF(K43<>"",VLOOKUP(K43,T100Pts!CH$4:CI$59,(2)))) -> - | N43: =IF($L43="X","-",IF(M43="","-",IF(J43="M",VLOOKUP(M43,T100Pts!U$5:AC$86,(L43+1)),IF(J43="F",VLOOKUP(M43,T100Pts!AE$5:AM$86,(L43+1)),"")))) -> - | P43: =IF($L43="X","-",IF(O43="","-",IF(J43="M",VLOOKUP(O43,T100Pts!AO$5:AW$126,(L43+1)),IF(J43="F",VLOOKUP(O43,T100Pts!AY$5:BG$126,(L43+1)),"")))) -> - | R43: =IF(OR($L43="X",$L43=6,$L43=7),"-",IF(Q43="","-",IF(J43="M",VLOOKUP(Q43,T100Pts!BI$5:BN$44,(L43+1)),IF(J43="F",VLOOKUP(Q43,T100Pts!BU$5:BZ$44,(L43+1)),"")))) -> - | T43: =IF($L43="X","-",IF(S43="","-",IF(J43="M",VLOOKUP(S43,T100Pts!A$5:I$1146,(L43+1)),IF(J43="F",VLOOKUP(S43,T100Pts!K$5:S$1147,(L43+1)),"")))) -> - | U43: =IF(OR(N43="X",P43="X",R43="X",T43="X"),"NR",IF(AND(N43="-",P43="-",T43="-"),"-",IF(R43="-",AVERAGE(IF(ISNUMBER(N43),N43),IF(ISNUMBER(P43),P43),IF(ISNUMBER(T43),T43)),AVERAGE(IF(ISNUMBER(N43),N43),IF(ISNUMBER(P43),P43),IF(ISNUMBER(R43),R43),IF(ISNUMBER(T43),T43))))) -> - | V43: =IF(NOT(ISNUMBER(U43)), "-", IF(U43 < 70, "NA", "A")) -> - | X43: =IF($L43="X","-",IF(W43="","-",IF(J43="M",VLOOKUP(W43,T100Pts!U$5:AC$86,(L43+1)),IF(J43="F",VLOOKUP(W43,T100Pts!AE$5:AM$86,(L43+1)),"")))) -> - | Z43: =IF($L43="X","-",IF(Y43="","-",IF(J43="M",VLOOKUP(Y43,T100Pts!AO$5:AW$126,(L43+1)),IF(J43="F",VLOOKUP(Y43,T100Pts!AY$5:BG$126,(L43+1)),"")))) -> - | AB43: =IF(OR($L43="X",$L43=6,$L43=7),"-",IF(AA43="","-",IF(J43="M",VLOOKUP(AA43,T100Pts!BI$5:BN$44,(L43+1)),IF(J43="F",VLOOKUP(AA43,T100Pts!BU$5:BZ$44,(L43+1)),"")))) -> - | AD43: =IF($L43="X","-",IF(AC43="","-",IF(J43="M",VLOOKUP(AC43,T100Pts!A$5:I$1146,(L43+1)),IF(J43="F",VLOOKUP(AC43,T100Pts!K$5:S$1146,(L43+1)),"")))) -> - | AE43: =IF(OR(X43="X",Z43="X",AB43="X",AD43="X"),"NR",IF(AND(X43="-",Z43="-",AD43="-"),"-",IF(AB43="-",AVERAGE(IF(ISNUMBER(X43),X43),IF(ISNUMBER(Z43),Z43),IF(ISNUMBER(AD43),AD43)),AVERAGE(IF(ISNUMBER(X43),X43),IF(ISNUMBER(Z43),Z43),IF(ISNUMBER(AB43),AB43),IF(ISNUMBER(AD43),AD43))))) -> - | AF43: =IF(NOT(ISNUMBER(AE43)), "-", IF(AE43 < 70, "NA", "A")) -> - | AG43: =AVERAGE(U43,AE43) -> #DIV/0! | AH43: =IF(NOT(ISNUMBER(AG43)), "-", IF(AG43 < 70, "NA", "A")) -> - | AI43: No autorizado por la médica | AJ43: =IF(OR(B43="TG",B43="GD",B43="GB",B43="CY",B43="CR",B43="TC",B43="MY",B43="CT",B43="TP",B43="TP EC",B43="TT",B43="TT EC",B43="ST",B43="ST EC"),"Oficial",IF(OR(B43="VP",B43="VS",B43="VS EC"),"Vol",IF(B43="","","Subof")))
A44: 31 | I44: =IF(OR(G44="",H44=""),"-",ROUND(G44/(H44^2),0)) -> - | J44: M | K44: =IF(F44>0,DATEDIF(F44,$L$1,"Y"),"-") -> - | L44: =IF(F44="","-",IF(K44<>"",VLOOKUP(K44,T100Pts!CH$4:CI$59,(2)))) -> - | N44: =IF($L44="X","-",IF(M44="","-",IF(J44="M",VLOOKUP(M44,T100Pts!U$5:AC$86,(L44+1)),IF(J44="F",VLOOKUP(M44,T100Pts!AE$5:AM$86,(L44+1)),"")))) -> - | P44: =IF($L44="X","-",IF(O44="","-",IF(J44="M",VLOOKUP(O44,T100Pts!AO$5:AW$126,(L44+1)),IF(J44="F",VLOOKUP(O44,T100Pts!AY$5:BG$126,(L44+1)),"")))) -> - | R44: =IF(OR($L44="X",$L44=6,$L44=7),"-",IF(Q44="","-",IF(J44="M",VLOOKUP(Q44,T100Pts!BI$5:BN$44,(L44+1)),IF(J44="F",VLOOKUP(Q44,T100Pts!BU$5:BZ$44,(L44+1)),"")))) -> - | T44: =IF($L44="X","-",IF(S44="","-",IF(J44="M",VLOOKUP(S44,T100Pts!A$5:I$1146,(L44+1)),IF(J44="F",VLOOKUP(S44,T100Pts!K$5:S$1147,(L44+1)),"")))) -> - | U44: =IF(OR(N44="X",P44="X",R44="X",T44="X"),"NR",IF(AND(N44="-",P44="-",T44="-"),"-",IF(R44="-",AVERAGE(IF(ISNUMBER(N44),N44),IF(ISNUMBER(P44),P44),IF(ISNUMBER(T44),T44)),AVERAGE(IF(ISNUMBER(N44),N44),IF(ISNUMBER(P44),P44),IF(ISNUMBER(R44),R44),IF(ISNUMBER(T44),T44))))) -> - | V44: =IF(NOT(ISNUMBER(U44)), "-", IF(U44 < 70, "NA", "A")) -> - | X44: =IF($L44="X","-",IF(W44="","-",IF(J44="M",VLOOKUP(W44,T100Pts!U$5:AC$86,(L44+1)),IF(J44="F",VLOOKUP(W44,T100Pts!AE$5:AM$86,(L44+1)),"")))) -> - | Z44: =IF($L44="X","-",IF(Y44="","-",IF(J44="M",VLOOKUP(Y44,T100Pts!AO$5:AW$126,(L44+1)),IF(J44="F",VLOOKUP(Y44,T100Pts!AY$5:BG$126,(L44+1)),"")))) -> - | AB44: =IF(OR($L44="X",$L44=6,$L44=7),"-",IF(AA44="","-",IF(J44="M",VLOOKUP(AA44,T100Pts!BI$5:BN$44,(L44+1)),IF(J44="F",VLOOKUP(AA44,T100Pts!BU$5:BZ$44,(L44+1)),"")))) -> - | AD44: =IF($L44="X","-",IF(AC44="","-",IF(J44="M",VLOOKUP(AC44,T100Pts!A$5:I$1146,(L44+1)),IF(J44="F",VLOOKUP(AC44,T100Pts!K$5:S$1146,(L44+1)),"")))) -> - | AE44: =IF(OR(X44="X",Z44="X",AB44="X",AD44="X"),"NR",IF(AND(X44="-",Z44="-",AD44="-"),"-",IF(AB44="-",AVERAGE(IF(ISNUMBER(X44),X44),IF(ISNUMBER(Z44),Z44),IF(ISNUMBER(AD44),AD44)),AVERAGE(IF(ISNUMBER(X44),X44),IF(ISNUMBER(Z44),Z44),IF(ISNUMBER(AB44),AB44),IF(ISNUMBER(AD44),AD44))))) -> - | AF44: =IF(NOT(ISNUMBER(AE44)), "-", IF(AE44 < 70, "NA", "A")) -> - | AG44: =AVERAGE(U44,AE44) -> #DIV/0! | AH44: =IF(NOT(ISNUMBER(AG44)), "-", IF(AG44 < 70, "NA", "A")) -> - | AJ44: =IF(OR(B44="TG",B44="GD",B44="GB",B44="CY",B44="CR",B44="TC",B44="MY",B44="CT",B44="TP",B44="TP EC",B44="TT",B44="TT EC",B44="ST",B44="ST EC"),"Oficial",IF(OR(B44="VP",B44="VS",B44="VS EC"),"Vol",IF(B44="","","Subof")))
A45: 32 | I45: =IF(OR(G45="",H45=""),"-",ROUND(G45/(H45^2),0)) -> - | J45: M | K45: =IF(F45>0,DATEDIF(F45,$L$1,"Y"),"-") -> - | L45: =IF(F45="","-",IF(K45<>"",VLOOKUP(K45,T100Pts!CH$4:CI$59,(2)))) -> - | N45: =IF($L45="X","-",IF(M45="","-",IF(J45="M",VLOOKUP(M45,T100Pts!U$5:AC$86,(L45+1)),IF(J45="F",VLOOKUP(M45,T100Pts!AE$5:AM$86,(L45+1)),"")))) -> - | P45: =IF($L45="X","-",IF(O45="","-",IF(J45="M",VLOOKUP(O45,T100Pts!AO$5:AW$126,(L45+1)),IF(J45="F",VLOOKUP(O45,T100Pts!AY$5:BG$126,(L45+1)),"")))) -> - | R45: =IF(OR($L45="X",$L45=6,$L45=7),"-",IF(Q45="","-",IF(J45="M",VLOOKUP(Q45,T100Pts!BI$5:BN$44,(L45+1)),IF(J45="F",VLOOKUP(Q45,T100Pts!BU$5:BZ$44,(L45+1)),"")))) -> - | T45: =IF($L45="X","-",IF(S45="","-",IF(J45="M",VLOOKUP(S45,T100Pts!A$5:I$1146,(L45+1)),IF(J45="F",VLOOKUP(S45,T100Pts!K$5:S$1147,(L45+1)),"")))) -> - | U45: =IF(OR(N45="X",P45="X",R45="X",T45="X"),"NR",IF(AND(N45="-",P45="-",T45="-"),"-",IF(R45="-",AVERAGE(IF(ISNUMBER(N45),N45),IF(ISNUMBER(P45),P45),IF(ISNUMBER(T45),T45)),AVERAGE(IF(ISNUMBER(N45),N45),IF(ISNUMBER(P45),P45),IF(ISNUMBER(R45),R45),IF(ISNUMBER(T45),T45))))) -> - | V45: =IF(NOT(ISNUMBER(U45)), "-", IF(U45 < 70, "NA", "A")) -> - | X45: =IF($L45="X","-",IF(W45="","-",IF(J45="M",VLOOKUP(W45,T100Pts!U$5:AC$86,(L45+1)),IF(J45="F",VLOOKUP(W45,T100Pts!AE$5:AM$86,(L45+1)),"")))) -> - | Z45: =IF($L45="X","-",IF(Y45="","-",IF(J45="M",VLOOKUP(Y45,T100Pts!AO$5:AW$126,(L45+1)),IF(J45="F",VLOOKUP(Y45,T100Pts!AY$5:BG$126,(L45+1)),"")))) -> - | AB45: =IF(OR($L45="X",$L45=6,$L45=7),"-",IF(AA45="","-",IF(J45="M",VLOOKUP(AA45,T100Pts!BI$5:BN$44,(L45+1)),IF(J45="F",VLOOKUP(AA45,T100Pts!BU$5:BZ$44,(L45+1)),"")))) -> - | AD45: =IF($L45="X","-",IF(AC45="","-",IF(J45="M",VLOOKUP(AC45,T100Pts!A$5:I$1146,(L45+1)),IF(J45="F",VLOOKUP(AC45,T100Pts!K$5:S$1146,(L45+1)),"")))) -> - | AE45: =IF(OR(X45="X",Z45="X",AB45="X",AD45="X"),"NR",IF(AND(X45="-",Z45="-",AD45="-"),"-",IF(AB45="-",AVERAGE(IF(ISNUMBER(X45),X45),IF(ISNUMBER(Z45),Z45),IF(ISNUMBER(AD45),AD45)),AVERAGE(IF(ISNUMBER(X45),X45),IF(ISNUMBER(Z45),Z45),IF(ISNUMBER(AB45),AB45),IF(ISNUMBER(AD45),AD45))))) -> - | AF45: =IF(NOT(ISNUMBER(AE45)), "-", IF(AE45 < 70, "NA", "A")) -> - | AG45: =AVERAGE(U45,AE45) -> #DIV/0! | AH45: =IF(NOT(ISNUMBER(AG45)), "-", IF(AG45 < 70, "NA", "A")) -> - | AJ45: =IF(OR(B45="TG",B45="GD",B45="GB",B45="CY",B45="CR",B45="TC",B45="MY",B45="CT",B45="TP",B45="TP EC",B45="TT",B45="TT EC",B45="ST",B45="ST EC"),"Oficial",IF(OR(B45="VP",B45="VS",B45="VS EC"),"Vol",IF(B45="","","Subof")))
A46: 33 | I46: =IF(OR(G46="",H46=""),"-",ROUND(G46/(H46^2),0)) -> - | J46: M | K46: =IF(F46>0,DATEDIF(F46,$L$1,"Y"),"-") -> - | L46: =IF(F46="","-",IF(K46<>"",VLOOKUP(K46,T100Pts!CH$4:CI$59,(2)))) -> - | N46: =IF($L46="X","-",IF(M46="","-",IF(J46="M",VLOOKUP(M46,T100Pts!U$5:AC$86,(L46+1)),IF(J46="F",VLOOKUP(M46,T100Pts!AE$5:AM$86,(L46+1)),"")))) -> - | P46: =IF($L46="X","-",IF(O46="","-",IF(J46="M",VLOOKUP(O46,T100Pts!AO$5:AW$126,(L46+1)),IF(J46="F",VLOOKUP(O46,T100Pts!AY$5:BG$126,(L46+1)),"")))) -> - | R46: =IF(OR($L46="X",$L46=6,$L46=7),"-",IF(Q46="","-",IF(J46="M",VLOOKUP(Q46,T100Pts!BI$5:BN$44,(L46+1)),IF(J46="F",VLOOKUP(Q46,T100Pts!BU$5:BZ$44,(L46+1)),"")))) -> - | T46: =IF($L46="X","-",IF(S46="","-",IF(J46="M",VLOOKUP(S46,T100Pts!A$5:I$1146,(L46+1)),IF(J46="F",VLOOKUP(S46,T100Pts!K$5:S$1147,(L46+1)),"")))) -> - | U46: =IF(OR(N46="X",P46="X",R46="X",T46="X"),"NR",IF(AND(N46="-",P46="-",T46="-"),"-",IF(R46="-",AVERAGE(IF(ISNUMBER(N46),N46),IF(ISNUMBER(P46),P46),IF(ISNUMBER(T46),T46)),AVERAGE(IF(ISNUMBER(N46),N46),IF(ISNUMBER(P46),P46),IF(ISNUMBER(R46),R46),IF(ISNUMBER(T46),T46))))) -> - | V46: =IF(NOT(ISNUMBER(U46)), "-", IF(U46 < 70, "NA", "A")) -> - | X46: =IF($L46="X","-",IF(W46="","-",IF(J46="M",VLOOKUP(W46,T100Pts!U$5:AC$86,(L46+1)),IF(J46="F",VLOOKUP(W46,T100Pts!AE$5:AM$86,(L46+1)),"")))) -> - | Z46: =IF($L46="X","-",IF(Y46="","-",IF(J46="M",VLOOKUP(Y46,T100Pts!AO$5:AW$126,(L46+1)),IF(J46="F",VLOOKUP(Y46,T100Pts!AY$5:BG$126,(L46+1)),"")))) -> - | AB46: =IF(OR($L46="X",$L46=6,$L46=7),"-",IF(AA46="","-",IF(J46="M",VLOOKUP(AA46,T100Pts!BI$5:BN$44,(L46+1)),IF(J46="F",VLOOKUP(AA46,T100Pts!BU$5:BZ$44,(L46+1)),"")))) -> - | AD46: =IF($L46="X","-",IF(AC46="","-",IF(J46="M",VLOOKUP(AC46,T100Pts!A$5:I$1146,(L46+1)),IF(J46="F",VLOOKUP(AC46,T100Pts!K$5:S$1146,(L46+1)),"")))) -> - | AE46: =IF(OR(X46="X",Z46="X",AB46="X",AD46="X"),"NR",IF(AND(X46="-",Z46="-",AD46="-"),"-",IF(AB46="-",AVERAGE(IF(ISNUMBER(X46),X46),IF(ISNUMBER(Z46),Z46),IF(ISNUMBER(AD46),AD46)),AVERAGE(IF(ISNUMBER(X46),X46),IF(ISNUMBER(Z46),Z46),IF(ISNUMBER(AB46),AB46),IF(ISNUMBER(AD46),AD46))))) -> - | AF46: =IF(NOT(ISNUMBER(AE46)), "-", IF(AE46 < 70, "NA", "A")) -> - | AG46: =AVERAGE(U46,AE46) -> #DIV/0! | AH46: =IF(NOT(ISNUMBER(AG46)), "-", IF(AG46 < 70, "NA", "A")) -> - | AJ46: =IF(OR(B46="TG",B46="GD",B46="GB",B46="CY",B46="CR",B46="TC",B46="MY",B46="CT",B46="TP",B46="TP EC",B46="TT",B46="TT EC",B46="ST",B46="ST EC"),"Oficial",IF(OR(B46="VP",B46="VS",B46="VS EC"),"Vol",IF(B46="","","Subof")))
A47: 34 | I47: =IF(OR(G47="",H47=""),"-",ROUND(G47/(H47^2),0)) -> - | J47: M | K47: =IF(F47>0,DATEDIF(F47,$L$1,"Y"),"-") -> - | L47: =IF(F47="","-",IF(K47<>"",VLOOKUP(K47,T100Pts!CH$4:CI$59,(2)))) -> - | N47: =IF($L47="X","-",IF(M47="","-",IF(J47="M",VLOOKUP(M47,T100Pts!U$5:AC$86,(L47+1)),IF(J47="F",VLOOKUP(M47,T100Pts!AE$5:AM$86,(L47+1)),"")))) -> - | P47: =IF($L47="X","-",IF(O47="","-",IF(J47="M",VLOOKUP(O47,T100Pts!AO$5:AW$126,(L47+1)),IF(J47="F",VLOOKUP(O47,T100Pts!AY$5:BG$126,(L47+1)),"")))) -> - | R47: =IF(OR($L47="X",$L47=6,$L47=7),"-",IF(Q47="","-",IF(J47="M",VLOOKUP(Q47,T100Pts!BI$5:BN$44,(L47+1)),IF(J47="F",VLOOKUP(Q47,T100Pts!BU$5:BZ$44,(L47+1)),"")))) -> - | T47: =IF($L47="X","-",IF(S47="","-",IF(J47="M",VLOOKUP(S47,T100Pts!A$5:I$1146,(L47+1)),IF(J47="F",VLOOKUP(S47,T100Pts!K$5:S$1147,(L47+1)),"")))) -> - | U47: =IF(OR(N47="X",P47="X",R47="X",T47="X"),"NR",IF(AND(N47="-",P47="-",T47="-"),"-",IF(R47="-",AVERAGE(IF(ISNUMBER(N47),N47),IF(ISNUMBER(P47),P47),IF(ISNUMBER(T47),T47)),AVERAGE(IF(ISNUMBER(N47),N47),IF(ISNUMBER(P47),P47),IF(ISNUMBER(R47),R47),IF(ISNUMBER(T47),T47))))) -> - | V47: =IF(NOT(ISNUMBER(U47)), "-", IF(U47 < 70, "NA", "A")) -> - | X47: =IF($L47="X","-",IF(W47="","-",IF(J47="M",VLOOKUP(W47,T100Pts!U$5:AC$86,(L47+1)),IF(J47="F",VLOOKUP(W47,T100Pts!AE$5:AM$86,(L47+1)),"")))) -> - | Z47: =IF($L47="X","-",IF(Y47="","-",IF(J47="M",VLOOKUP(Y47,T100Pts!AO$5:AW$126,(L47+1)),IF(J47="F",VLOOKUP(Y47,T100Pts!AY$5:BG$126,(L47+1)),"")))) -> - | AB47: =IF(OR($L47="X",$L47=6,$L47=7),"-",IF(AA47="","-",IF(J47="M",VLOOKUP(AA47,T100Pts!BI$5:BN$44,(L47+1)),IF(J47="F",VLOOKUP(AA47,T100Pts!BU$5:BZ$44,(L47+1)),"")))) -> - | AD47: =IF($L47="X","-",IF(AC47="","-",IF(J47="M",VLOOKUP(AC47,T100Pts!A$5:I$1146,(L47+1)),IF(J47="F",VLOOKUP(AC47,T100Pts!K$5:S$1146,(L47+1)),"")))) -> - | AE47: =IF(OR(X47="X",Z47="X",AB47="X",AD47="X"),"NR",IF(AND(X47="-",Z47="-",AD47="-"),"-",IF(AB47="-",AVERAGE(IF(ISNUMBER(X47),X47),IF(ISNUMBER(Z47),Z47),IF(ISNUMBER(AD47),AD47)),AVERAGE(IF(ISNUMBER(X47),X47),IF(ISNUMBER(Z47),Z47),IF(ISNUMBER(AB47),AB47),IF(ISNUMBER(AD47),AD47))))) -> - | AF47: =IF(NOT(ISNUMBER(AE47)), "-", IF(AE47 < 70, "NA", "A")) -> - | AG47: =AVERAGE(U47,AE47) -> #DIV/0! | AH47: =IF(NOT(ISNUMBER(AG47)), "-", IF(AG47 < 70, "NA", "A")) -> - | AI47: PARTE DE ENf CIE: M79.6 IJM | AJ47: =IF(OR(B47="TG",B47="GD",B47="GB",B47="CY",B47="CR",B47="TC",B47="MY",B47="CT",B47="TP",B47="TP EC",B47="TT",B47="TT EC",B47="ST",B47="ST EC"),"Oficial",IF(OR(B47="VP",B47="VS",B47="VS EC"),"Vol",IF(B47="","","Subof")))
A48: 35 | I48: =IF(OR(G48="",H48=""),"-",ROUND(G48/(H48^2),0)) -> - | J48: M | K48: =IF(F48>0,DATEDIF(F48,$L$1,"Y"),"-") -> - | L48: =IF(F48="","-",IF(K48<>"",VLOOKUP(K48,T100Pts!CH$4:CI$59,(2)))) -> - | N48: =IF($L48="X","-",IF(M48="","-",IF(J48="M",VLOOKUP(M48,T100Pts!U$5:AC$86,(L48+1)),IF(J48="F",VLOOKUP(M48,T100Pts!AE$5:AM$86,(L48+1)),"")))) -> - | P48: =IF($L48="X","-",IF(O48="","-",IF(J48="M",VLOOKUP(O48,T100Pts!AO$5:AW$126,(L48+1)),IF(J48="F",VLOOKUP(O48,T100Pts!AY$5:BG$126,(L48+1)),"")))) -> - | R48: =IF(OR($L48="X",$L48=6,$L48=7),"-",IF(Q48="","-",IF(J48="M",VLOOKUP(Q48,T100Pts!BI$5:BN$44,(L48+1)),IF(J48="F",VLOOKUP(Q48,T100Pts!BU$5:BZ$44,(L48+1)),"")))) -> - | T48: =IF($L48="X","-",IF(S48="","-",IF(J48="M",VLOOKUP(S48,T100Pts!A$5:I$1146,(L48+1)),IF(J48="F",VLOOKUP(S48,T100Pts!K$5:S$1147,(L48+1)),"")))) -> - | U48: =IF(OR(N48="X",P48="X",R48="X",T48="X"),"NR",IF(AND(N48="-",P48="-",T48="-"),"-",IF(R48="-",AVERAGE(IF(ISNUMBER(N48),N48),IF(ISNUMBER(P48),P48),IF(ISNUMBER(T48),T48)),AVERAGE(IF(ISNUMBER(N48),N48),IF(ISNUMBER(P48),P48),IF(ISNUMBER(R48),R48),IF(ISNUMBER(T48),T48))))) -> - | V48: =IF(NOT(ISNUMBER(U48)), "-", IF(U48 < 70, "NA", "A")) -> - | X48: =IF($L48="X","-",IF(W48="","-",IF(J48="M",VLOOKUP(W48,T100Pts!U$5:AC$86,(L48+1)),IF(J48="F",VLOOKUP(W48,T100Pts!AE$5:AM$86,(L48+1)),"")))) -> - | Z48: =IF($L48="X","-",IF(Y48="","-",IF(J48="M",VLOOKUP(Y48,T100Pts!AO$5:AW$126,(L48+1)),IF(J48="F",VLOOKUP(Y48,T100Pts!AY$5:BG$126,(L48+1)),"")))) -> - | AB48: =IF(OR($L48="X",$L48=6,$L48=7),"-",IF(AA48="","-",IF(J48="M",VLOOKUP(AA48,T100Pts!BI$5:BN$44,(L48+1)),IF(J48="F",VLOOKUP(AA48,T100Pts!BU$5:BZ$44,(L48+1)),"")))) -> - | AD48: =IF($L48="X","-",IF(AC48="","-",IF(J48="M",VLOOKUP(AC48,T100Pts!A$5:I$1146,(L48+1)),IF(J48="F",VLOOKUP(AC48,T100Pts!K$5:S$1146,(L48+1)),"")))) -> - | AE48: =IF(OR(X48="X",Z48="X",AB48="X",AD48="X"),"NR",IF(AND(X48="-",Z48="-",AD48="-"),"-",IF(AB48="-",AVERAGE(IF(ISNUMBER(X48),X48),IF(ISNUMBER(Z48),Z48),IF(ISNUMBER(AD48),AD48)),AVERAGE(IF(ISNUMBER(X48),X48),IF(ISNUMBER(Z48),Z48),IF(ISNUMBER(AB48),AB48),IF(ISNUMBER(AD48),AD48))))) -> - | AF48: =IF(NOT(ISNUMBER(AE48)), "-", IF(AE48 < 70, "NA", "A")) -> - | AG48: =AVERAGE(U48,AE48) -> #DIV/0! | AH48: =IF(NOT(ISNUMBER(AG48)), "-", IF(AG48 < 70, "NA", "A")) -> - | AJ48: =IF(OR(B48="TG",B48="GD",B48="GB",B48="CY",B48="CR",B48="TC",B48="MY",B48="CT",B48="TP",B48="TP EC",B48="TT",B48="TT EC",B48="ST",B48="ST EC"),"Oficial",IF(OR(B48="VP",B48="VS",B48="VS EC"),"Vol",IF(B48="","","Subof")))
A49: 36 | I49: =IF(OR(G49="",H49=""),"-",ROUND(G49/(H49^2),0)) -> - | J49: M | K49: =IF(F49>0,DATEDIF(F49,$L$1,"Y"),"-") -> - | L49: =IF(F49="","-",IF(K49<>"",VLOOKUP(K49,T100Pts!CH$4:CI$59,(2)))) -> - | N49: =IF($L49="X","-",IF(M49="","-",IF(J49="M",VLOOKUP(M49,T100Pts!U$5:AC$86,(L49+1)),IF(J49="F",VLOOKUP(M49,T100Pts!AE$5:AM$86,(L49+1)),"")))) -> - | P49: =IF($L49="X","-",IF(O49="","-",IF(J49="M",VLOOKUP(O49,T100Pts!AO$5:AW$126,(L49+1)),IF(J49="F",VLOOKUP(O49,T100Pts!AY$5:BG$126,(L49+1)),"")))) -> - | R49: =IF(OR($L49="X",$L49=6,$L49=7),"-",IF(Q49="","-",IF(J49="M",VLOOKUP(Q49,T100Pts!BI$5:BN$44,(L49+1)),IF(J49="F",VLOOKUP(Q49,T100Pts!BU$5:BZ$44,(L49+1)),"")))) -> - | T49: =IF($L49="X","-",IF(S49="","-",IF(J49="M",VLOOKUP(S49,T100Pts!A$5:I$1146,(L49+1)),IF(J49="F",VLOOKUP(S49,T100Pts!K$5:S$1147,(L49+1)),"")))) -> - | U49: =IF(OR(N49="X",P49="X",R49="X",T49="X"),"NR",IF(AND(N49="-",P49="-",T49="-"),"-",IF(R49="-",AVERAGE(IF(ISNUMBER(N49),N49),IF(ISNUMBER(P49),P49),IF(ISNUMBER(T49),T49)),AVERAGE(IF(ISNUMBER(N49),N49),IF(ISNUMBER(P49),P49),IF(ISNUMBER(R49),R49),IF(ISNUMBER(T49),T49))))) -> - | V49: =IF(NOT(ISNUMBER(U49)), "-", IF(U49 < 70, "NA", "A")) -> - | X49: =IF($L49="X","-",IF(W49="","-",IF(J49="M",VLOOKUP(W49,T100Pts!U$5:AC$86,(L49+1)),IF(J49="F",VLOOKUP(W49,T100Pts!AE$5:AM$86,(L49+1)),"")))) -> - | Z49: =IF($L49="X","-",IF(Y49="","-",IF(J49="M",VLOOKUP(Y49,T100Pts!AO$5:AW$126,(L49+1)),IF(J49="F",VLOOKUP(Y49,T100Pts!AY$5:BG$126,(L49+1)),"")))) -> - | AB49: =IF(OR($L49="X",$L49=6,$L49=7),"-",IF(AA49="","-",IF(J49="M",VLOOKUP(AA49,T100Pts!BI$5:BN$44,(L49+1)),IF(J49="F",VLOOKUP(AA49,T100Pts!BU$5:BZ$44,(L49+1)),"")))) -> - | AD49: =IF($L49="X","-",IF(AC49="","-",IF(J49="M",VLOOKUP(AC49,T100Pts!A$5:I$1146,(L49+1)),IF(J49="F",VLOOKUP(AC49,T100Pts!K$5:S$1146,(L49+1)),"")))) -> - | AE49: =IF(OR(X49="X",Z49="X",AB49="X",AD49="X"),"NR",IF(AND(X49="-",Z49="-",AD49="-"),"-",IF(AB49="-",AVERAGE(IF(ISNUMBER(X49),X49),IF(ISNUMBER(Z49),Z49),IF(ISNUMBER(AD49),AD49)),AVERAGE(IF(ISNUMBER(X49),X49),IF(ISNUMBER(Z49),Z49),IF(ISNUMBER(AB49),AB49),IF(ISNUMBER(AD49),AD49))))) -> - | AF49: =IF(NOT(ISNUMBER(AE49)), "-", IF(AE49 < 70, "NA", "A")) -> - | AG49: =AVERAGE(U49,AE49) -> #DIV/0! | AH49: =IF(NOT(ISNUMBER(AG49)), "-", IF(AG49 < 70, "NA", "A")) -> - | AJ49: =IF(OR(B49="TG",B49="GD",B49="GB",B49="CY",B49="CR",B49="TC",B49="MY",B49="CT",B49="TP",B49="TP EC",B49="TT",B49="TT EC",B49="ST",B49="ST EC"),"Oficial",IF(OR(B49="VP",B49="VS",B49="VS EC"),"Vol",IF(B49="","","Subof")))
A50: 37 | I50: =IF(OR(G50="",H50=""),"-",ROUND(G50/(H50^2),0)) -> - | J50: M | K50: =IF(F50>0,DATEDIF(F50,$L$1,"Y"),"-") -> - | L50: =IF(F50="","-",IF(K50<>"",VLOOKUP(K50,T100Pts!CH$4:CI$59,(2)))) -> - | N50: =IF($L50="X","-",IF(M50="","-",IF(J50="M",VLOOKUP(M50,T100Pts!U$5:AC$86,(L50+1)),IF(J50="F",VLOOKUP(M50,T100Pts!AE$5:AM$86,(L50+1)),"")))) -> - | P50: =IF($L50="X","-",IF(O50="","-",IF(J50="M",VLOOKUP(O50,T100Pts!AO$5:AW$126,(L50+1)),IF(J50="F",VLOOKUP(O50,T100Pts!AY$5:BG$126,(L50+1)),"")))) -> - | R50: =IF(OR($L50="X",$L50=6,$L50=7),"-",IF(Q50="","-",IF(J50="M",VLOOKUP(Q50,T100Pts!BI$5:BN$44,(L50+1)),IF(J50="F",VLOOKUP(Q50,T100Pts!BU$5:BZ$44,(L50+1)),"")))) -> - | T50: =IF($L50="X","-",IF(S50="","-",IF(J50="M",VLOOKUP(S50,T100Pts!A$5:I$1146,(L50+1)),IF(J50="F",VLOOKUP(S50,T100Pts!K$5:S$1147,(L50+1)),"")))) -> - | U50: =IF(OR(N50="X",P50="X",R50="X",T50="X"),"NR",IF(AND(N50="-",P50="-",T50="-"),"-",IF(R50="-",AVERAGE(IF(ISNUMBER(N50),N50),IF(ISNUMBER(P50),P50),IF(ISNUMBER(T50),T50)),AVERAGE(IF(ISNUMBER(N50),N50),IF(ISNUMBER(P50),P50),IF(ISNUMBER(R50),R50),IF(ISNUMBER(T50),T50))))) -> - | V50: =IF(NOT(ISNUMBER(U50)), "-", IF(U50 < 70, "NA", "A")) -> - | X50: =IF($L50="X","-",IF(W50="","-",IF(J50="M",VLOOKUP(W50,T100Pts!U$5:AC$86,(L50+1)),IF(J50="F",VLOOKUP(W50,T100Pts!AE$5:AM$86,(L50+1)),"")))) -> - | Z50: =IF($L50="X","-",IF(Y50="","-",IF(J50="M",VLOOKUP(Y50,T100Pts!AO$5:AW$126,(L50+1)),IF(J50="F",VLOOKUP(Y50,T100Pts!AY$5:BG$126,(L50+1)),"")))) -> - | AB50: =IF(OR($L50="X",$L50=6,$L50=7),"-",IF(AA50="","-",IF(J50="M",VLOOKUP(AA50,T100Pts!BI$5:BN$44,(L50+1)),IF(J50="F",VLOOKUP(AA50,T100Pts!BU$5:BZ$44,(L50+1)),"")))) -> - | AD50: =IF($L50="X","-",IF(AC50="","-",IF(J50="M",VLOOKUP(AC50,T100Pts!A$5:I$1146,(L50+1)),IF(J50="F",VLOOKUP(AC50,T100Pts!K$5:S$1146,(L50+1)),"")))) -> - | AE50: =IF(OR(X50="X",Z50="X",AB50="X",AD50="X"),"NR",IF(AND(X50="-",Z50="-",AD50="-"),"-",IF(AB50="-",AVERAGE(IF(ISNUMBER(X50),X50),IF(ISNUMBER(Z50),Z50),IF(ISNUMBER(AD50),AD50)),AVERAGE(IF(ISNUMBER(X50),X50),IF(ISNUMBER(Z50),Z50),IF(ISNUMBER(AB50),AB50),IF(ISNUMBER(AD50),AD50))))) -> - | AF50: =IF(NOT(ISNUMBER(AE50)), "-", IF(AE50 < 70, "NA", "A")) -> - | AG50: =AVERAGE(U50,AE50) -> #DIV/0! | AH50: =IF(NOT(ISNUMBER(AG50)), "-", IF(AG50 < 70, "NA", "A")) -> - | AJ50: =IF(OR(B50="TG",B50="GD",B50="GB",B50="CY",B50="CR",B50="TC",B50="MY",B50="CT",B50="TP",B50="TP EC",B50="TT",B50="TT EC",B50="ST",B50="ST EC"),"Oficial",IF(OR(B50="VP",B50="VS",B50="VS EC"),"Vol",IF(B50="","","Subof")))
A51: 38 | I51: =IF(OR(G51="",H51=""),"-",ROUND(G51/(H51^2),0)) -> - | J51: M | K51: =IF(F51>0,DATEDIF(F51,$L$1,"Y"),"-") -> - | L51: =IF(F51="","-",IF(K51<>"",VLOOKUP(K51,T100Pts!CH$4:CI$59,(2)))) -> - | N51: =IF($L51="X","-",IF(M51="","-",IF(J51="M",VLOOKUP(M51,T100Pts!U$5:AC$86,(L51+1)),IF(J51="F",VLOOKUP(M51,T100Pts!AE$5:AM$86,(L51+1)),"")))) -> - | P51: =IF($L51="X","-",IF(O51="","-",IF(J51="M",VLOOKUP(O51,T100Pts!AO$5:AW$126,(L51+1)),IF(J51="F",VLOOKUP(O51,T100Pts!AY$5:BG$126,(L51+1)),"")))) -> - | R51: =IF(OR($L51="X",$L51=6,$L51=7),"-",IF(Q51="","-",IF(J51="M",VLOOKUP(Q51,T100Pts!BI$5:BN$44,(L51+1)),IF(J51="F",VLOOKUP(Q51,T100Pts!BU$5:BZ$44,(L51+1)),"")))) -> - | T51: =IF($L51="X","-",IF(S51="","-",IF(J51="M",VLOOKUP(S51,T100Pts!A$5:I$1146,(L51+1)),IF(J51="F",VLOOKUP(S51,T100Pts!K$5:S$1147,(L51+1)),"")))) -> - | U51: =IF(OR(N51="X",P51="X",R51="X",T51="X"),"NR",IF(AND(N51="-",P51="-",T51="-"),"-",IF(R51="-",AVERAGE(IF(ISNUMBER(N51),N51),IF(ISNUMBER(P51),P51),IF(ISNUMBER(T51),T51)),AVERAGE(IF(ISNUMBER(N51),N51),IF(ISNUMBER(P51),P51),IF(ISNUMBER(R51),R51),IF(ISNUMBER(T51),T51))))) -> - | V51: =IF(NOT(ISNUMBER(U51)), "-", IF(U51 < 70, "NA", "A")) -> - | X51: =IF($L51="X","-",IF(W51="","-",IF(J51="M",VLOOKUP(W51,T100Pts!U$5:AC$86,(L51+1)),IF(J51="F",VLOOKUP(W51,T100Pts!AE$5:AM$86,(L51+1)),"")))) -> - | Z51: =IF($L51="X","-",IF(Y51="","-",IF(J51="M",VLOOKUP(Y51,T100Pts!AO$5:AW$126,(L51+1)),IF(J51="F",VLOOKUP(Y51,T100Pts!AY$5:BG$126,(L51+1)),"")))) -> - | AB51: =IF(OR($L51="X",$L51=6,$L51=7),"-",IF(AA51="","-",IF(J51="M",VLOOKUP(AA51,T100Pts!BI$5:BN$44,(L51+1)),IF(J51="F",VLOOKUP(AA51,T100Pts!BU$5:BZ$44,(L51+1)),"")))) -> - | AD51: =IF($L51="X","-",IF(AC51="","-",IF(J51="M",VLOOKUP(AC51,T100Pts!A$5:I$1146,(L51+1)),IF(J51="F",VLOOKUP(AC51,T100Pts!K$5:S$1146,(L51+1)),"")))) -> - | AE51: =IF(OR(X51="X",Z51="X",AB51="X",AD51="X"),"NR",IF(AND(X51="-",Z51="-",AD51="-"),"-",IF(AB51="-",AVERAGE(IF(ISNUMBER(X51),X51),IF(ISNUMBER(Z51),Z51),IF(ISNUMBER(AD51),AD51)),AVERAGE(IF(ISNUMBER(X51),X51),IF(ISNUMBER(Z51),Z51),IF(ISNUMBER(AB51),AB51),IF(ISNUMBER(AD51),AD51))))) -> - | AF51: =IF(NOT(ISNUMBER(AE51)), "-", IF(AE51 < 70, "NA", "A")) -> - | AG51: =AVERAGE(U51,AE51) -> #DIV/0! | AH51: =IF(NOT(ISNUMBER(AG51)), "-", IF(AG51 < 70, "NA", "A")) -> - | AJ51: =IF(OR(B51="TG",B51="GD",B51="GB",B51="CY",B51="CR",B51="TC",B51="MY",B51="CT",B51="TP",B51="TP EC",B51="TT",B51="TT EC",B51="ST",B51="ST EC"),"Oficial",IF(OR(B51="VP",B51="VS",B51="VS EC"),"Vol",IF(B51="","","Subof")))
A52: 39 | I52: =IF(OR(G52="",H52=""),"-",ROUND(G52/(H52^2),0)) -> - | J52: M | K52: =IF(F52>0,DATEDIF(F52,$L$1,"Y"),"-") -> - | L52: =IF(F52="","-",IF(K52<>"",VLOOKUP(K52,T100Pts!CH$4:CI$59,(2)))) -> - | N52: =IF($L52="X","-",IF(M52="","-",IF(J52="M",VLOOKUP(M52,T100Pts!U$5:AC$86,(L52+1)),IF(J52="F",VLOOKUP(M52,T100Pts!AE$5:AM$86,(L52+1)),"")))) -> - | P52: =IF($L52="X","-",IF(O52="","-",IF(J52="M",VLOOKUP(O52,T100Pts!AO$5:AW$126,(L52+1)),IF(J52="F",VLOOKUP(O52,T100Pts!AY$5:BG$126,(L52+1)),"")))) -> - | R52: =IF(OR($L52="X",$L52=6,$L52=7),"-",IF(Q52="","-",IF(J52="M",VLOOKUP(Q52,T100Pts!BI$5:BN$44,(L52+1)),IF(J52="F",VLOOKUP(Q52,T100Pts!BU$5:BZ$44,(L52+1)),"")))) -> - | T52: =IF($L52="X","-",IF(S52="","-",IF(J52="M",VLOOKUP(S52,T100Pts!A$5:I$1146,(L52+1)),IF(J52="F",VLOOKUP(S52,T100Pts!K$5:S$1147,(L52+1)),"")))) -> - | U52: =IF(OR(N52="X",P52="X",R52="X",T52="X"),"NR",IF(AND(N52="-",P52="-",T52="-"),"-",IF(R52="-",AVERAGE(IF(ISNUMBER(N52),N52),IF(ISNUMBER(P52),P52),IF(ISNUMBER(T52),T52)),AVERAGE(IF(ISNUMBER(N52),N52),IF(ISNUMBER(P52),P52),IF(ISNUMBER(R52),R52),IF(ISNUMBER(T52),T52))))) -> - | V52: =IF(NOT(ISNUMBER(U52)), "-", IF(U52 < 70, "NA", "A")) -> - | X52: =IF($L52="X","-",IF(W52="","-",IF(J52="M",VLOOKUP(W52,T100Pts!U$5:AC$86,(L52+1)),IF(J52="F",VLOOKUP(W52,T100Pts!AE$5:AM$86,(L52+1)),"")))) -> - | Z52: =IF($L52="X","-",IF(Y52="","-",IF(J52="M",VLOOKUP(Y52,T100Pts!AO$5:AW$126,(L52+1)),IF(J52="F",VLOOKUP(Y52,T100Pts!AY$5:BG$126,(L52+1)),"")))) -> - | AB52: =IF(OR($L52="X",$L52=6,$L52=7),"-",IF(AA52="","-",IF(J52="M",VLOOKUP(AA52,T100Pts!BI$5:BN$44,(L52+1)),IF(J52="F",VLOOKUP(AA52,T100Pts!BU$5:BZ$44,(L52+1)),"")))) -> - | AD52: =IF($L52="X","-",IF(AC52="","-",IF(J52="M",VLOOKUP(AC52,T100Pts!A$5:I$1146,(L52+1)),IF(J52="F",VLOOKUP(AC52,T100Pts!K$5:S$1146,(L52+1)),"")))) -> - | AE52: =IF(OR(X52="X",Z52="X",AB52="X",AD52="X"),"NR",IF(AND(X52="-",Z52="-",AD52="-"),"-",IF(AB52="-",AVERAGE(IF(ISNUMBER(X52),X52),IF(ISNUMBER(Z52),Z52),IF(ISNUMBER(AD52),AD52)),AVERAGE(IF(ISNUMBER(X52),X52),IF(ISNUMBER(Z52),Z52),IF(ISNUMBER(AB52),AB52),IF(ISNUMBER(AD52),AD52))))) -> - | AF52: =IF(NOT(ISNUMBER(AE52)), "-", IF(AE52 < 70, "NA", "A")) -> - | AG52: =AVERAGE(U52,AE52) -> #DIV/0! | AH52: =IF(NOT(ISNUMBER(AG52)), "-", IF(AG52 < 70, "NA", "A")) -> - | AJ52: =IF(OR(B52="TG",B52="GD",B52="GB",B52="CY",B52="CR",B52="TC",B52="MY",B52="CT",B52="TP",B52="TP EC",B52="TT",B52="TT EC",B52="ST",B52="ST EC"),"Oficial",IF(OR(B52="VP",B52="VS",B52="VS EC"),"Vol",IF(B52="","","Subof")))
A53: 40 | I53: =IF(OR(G53="",H53=""),"-",ROUND(G53/(H53^2),0)) -> - | J53: M | K53: =IF(F53>0,DATEDIF(F53,$L$1,"Y"),"-") -> - | L53: =IF(F53="","-",IF(K53<>"",VLOOKUP(K53,T100Pts!CH$4:CI$59,(2)))) -> - | N53: =IF($L53="X","-",IF(M53="","-",IF(J53="M",VLOOKUP(M53,T100Pts!U$5:AC$86,(L53+1)),IF(J53="F",VLOOKUP(M53,T100Pts!AE$5:AM$86,(L53+1)),"")))) -> - | P53: =IF($L53="X","-",IF(O53="","-",IF(J53="M",VLOOKUP(O53,T100Pts!AO$5:AW$126,(L53+1)),IF(J53="F",VLOOKUP(O53,T100Pts!AY$5:BG$126,(L53+1)),"")))) -> - | R53: =IF(OR($L53="X",$L53=6,$L53=7),"-",IF(Q53="","-",IF(J53="M",VLOOKUP(Q53,T100Pts!BI$5:BN$44,(L53+1)),IF(J53="F",VLOOKUP(Q53,T100Pts!BU$5:BZ$44,(L53+1)),"")))) -> - | T53: =IF($L53="X","-",IF(S53="","-",IF(J53="M",VLOOKUP(S53,T100Pts!A$5:I$1146,(L53+1)),IF(J53="F",VLOOKUP(S53,T100Pts!K$5:S$1147,(L53+1)),"")))) -> - | U53: =IF(OR(N53="X",P53="X",R53="X",T53="X"),"NR",IF(AND(N53="-",P53="-",T53="-"),"-",IF(R53="-",AVERAGE(IF(ISNUMBER(N53),N53),IF(ISNUMBER(P53),P53),IF(ISNUMBER(T53),T53)),AVERAGE(IF(ISNUMBER(N53),N53),IF(ISNUMBER(P53),P53),IF(ISNUMBER(R53),R53),IF(ISNUMBER(T53),T53))))) -> - | V53: =IF(NOT(ISNUMBER(U53)), "-", IF(U53 < 70, "NA", "A")) -> - | X53: =IF($L53="X","-",IF(W53="","-",IF(J53="M",VLOOKUP(W53,T100Pts!U$5:AC$86,(L53+1)),IF(J53="F",VLOOKUP(W53,T100Pts!AE$5:AM$86,(L53+1)),"")))) -> - | Z53: =IF($L53="X","-",IF(Y53="","-",IF(J53="M",VLOOKUP(Y53,T100Pts!AO$5:AW$126,(L53+1)),IF(J53="F",VLOOKUP(Y53,T100Pts!AY$5:BG$126,(L53+1)),"")))) -> - | AB53: =IF(OR($L53="X",$L53=6,$L53=7),"-",IF(AA53="","-",IF(J53="M",VLOOKUP(AA53,T100Pts!BI$5:BN$44,(L53+1)),IF(J53="F",VLOOKUP(AA53,T100Pts!BU$5:BZ$44,(L53+1)),"")))) -> - | AD53: =IF($L53="X","-",IF(AC53="","-",IF(J53="M",VLOOKUP(AC53,T100Pts!A$5:I$1146,(L53+1)),IF(J53="F",VLOOKUP(AC53,T100Pts!K$5:S$1146,(L53+1)),"")))) -> - | AE53: =IF(OR(X53="X",Z53="X",AB53="X",AD53="X"),"NR",IF(AND(X53="-",Z53="-",AD53="-"),"-",IF(AB53="-",AVERAGE(IF(ISNUMBER(X53),X53),IF(ISNUMBER(Z53),Z53),IF(ISNUMBER(AD53),AD53)),AVERAGE(IF(ISNUMBER(X53),X53),IF(ISNUMBER(Z53),Z53),IF(ISNUMBER(AB53),AB53),IF(ISNUMBER(AD53),AD53))))) -> - | AF53: =IF(NOT(ISNUMBER(AE53)), "-", IF(AE53 < 70, "NA", "A")) -> - | AG53: =AVERAGE(U53,AE53) -> #DIV/0! | AH53: =IF(NOT(ISNUMBER(AG53)), "-", IF(AG53 < 70, "NA", "A")) -> - | AJ53: =IF(OR(B53="TG",B53="GD",B53="GB",B53="CY",B53="CR",B53="TC",B53="MY",B53="CT",B53="TP",B53="TP EC",B53="TT",B53="TT EC",B53="ST",B53="ST EC"),"Oficial",IF(OR(B53="VP",B53="VS",B53="VS EC"),"Vol",IF(B53="","","Subof")))
A54: 41 | I54: =IF(OR(G54="",H54=""),"-",ROUND(G54/(H54^2),0)) -> - | J54: M | K54: =IF(F54>0,DATEDIF(F54,$L$1,"Y"),"-") -> - | L54: =IF(F54="","-",IF(K54<>"",VLOOKUP(K54,T100Pts!CH$4:CI$59,(2)))) -> - | N54: =IF($L54="X","-",IF(M54="","-",IF(J54="M",VLOOKUP(M54,T100Pts!U$5:AC$86,(L54+1)),IF(J54="F",VLOOKUP(M54,T100Pts!AE$5:AM$86,(L54+1)),"")))) -> - | P54: =IF($L54="X","-",IF(O54="","-",IF(J54="M",VLOOKUP(O54,T100Pts!AO$5:AW$126,(L54+1)),IF(J54="F",VLOOKUP(O54,T100Pts!AY$5:BG$126,(L54+1)),"")))) -> - | R54: =IF(OR($L54="X",$L54=6,$L54=7),"-",IF(Q54="","-",IF(J54="M",VLOOKUP(Q54,T100Pts!BI$5:BN$44,(L54+1)),IF(J54="F",VLOOKUP(Q54,T100Pts!BU$5:BZ$44,(L54+1)),"")))) -> - | T54: =IF($L54="X","-",IF(S54="","-",IF(J54="M",VLOOKUP(S54,T100Pts!A$5:I$1146,(L54+1)),IF(J54="F",VLOOKUP(S54,T100Pts!K$5:S$1147,(L54+1)),"")))) -> - | U54: =IF(OR(N54="X",P54="X",R54="X",T54="X"),"NR",IF(AND(N54="-",P54="-",T54="-"),"-",IF(R54="-",AVERAGE(IF(ISNUMBER(N54),N54),IF(ISNUMBER(P54),P54),IF(ISNUMBER(T54),T54)),AVERAGE(IF(ISNUMBER(N54),N54),IF(ISNUMBER(P54),P54),IF(ISNUMBER(R54),R54),IF(ISNUMBER(T54),T54))))) -> - | V54: =IF(NOT(ISNUMBER(U54)), "-", IF(U54 < 70, "NA", "A")) -> - | X54: =IF($L54="X","-",IF(W54="","-",IF(J54="M",VLOOKUP(W54,T100Pts!U$5:AC$86,(L54+1)),IF(J54="F",VLOOKUP(W54,T100Pts!AE$5:AM$86,(L54+1)),"")))) -> - | Z54: =IF($L54="X","-",IF(Y54="","-",IF(J54="M",VLOOKUP(Y54,T100Pts!AO$5:AW$126,(L54+1)),IF(J54="F",VLOOKUP(Y54,T100Pts!AY$5:BG$126,(L54+1)),"")))) -> - | AB54: =IF(OR($L54="X",$L54=6,$L54=7),"-",IF(AA54="","-",IF(J54="M",VLOOKUP(AA54,T100Pts!BI$5:BN$44,(L54+1)),IF(J54="F",VLOOKUP(AA54,T100Pts!BU$5:BZ$44,(L54+1)),"")))) -> - | AD54: =IF($L54="X","-",IF(AC54="","-",IF(J54="M",VLOOKUP(AC54,T100Pts!A$5:I$1146,(L54+1)),IF(J54="F",VLOOKUP(AC54,T100Pts!K$5:S$1146,(L54+1)),"")))) -> - | AE54: =IF(OR(X54="X",Z54="X",AB54="X",AD54="X"),"NR",IF(AND(X54="-",Z54="-",AD54="-"),"-",IF(AB54="-",AVERAGE(IF(ISNUMBER(X54),X54),IF(ISNUMBER(Z54),Z54),IF(ISNUMBER(AD54),AD54)),AVERAGE(IF(ISNUMBER(X54),X54),IF(ISNUMBER(Z54),Z54),IF(ISNUMBER(AB54),AB54),IF(ISNUMBER(AD54),AD54))))) -> - | AF54: =IF(NOT(ISNUMBER(AE54)), "-", IF(AE54 < 70, "NA", "A")) -> - | AG54: =AVERAGE(U54,AE54) -> #DIV/0! | AH54: =IF(NOT(ISNUMBER(AG54)), "-", IF(AG54 < 70, "NA", "A")) -> - | AI54: DAF CIE: 125-I21 | AJ54: =IF(OR(B54="TG",B54="GD",B54="GB",B54="CY",B54="CR",B54="TC",B54="MY",B54="CT",B54="TP",B54="TP EC",B54="TT",B54="TT EC",B54="ST",B54="ST EC"),"Oficial",IF(OR(B54="VP",B54="VS",B54="VS EC"),"Vol",IF(B54="","","Subof")))
A55: 42 | I55: =IF(OR(G55="",H55=""),"-",ROUND(G55/(H55^2),0)) -> - | J55: M | K55: =IF(F55>0,DATEDIF(F55,$L$1,"Y"),"-") -> - | L55: =IF(F55="","-",IF(K55<>"",VLOOKUP(K55,T100Pts!CH$4:CI$59,(2)))) -> - | N55: =IF($L55="X","-",IF(M55="","-",IF(J55="M",VLOOKUP(M55,T100Pts!U$5:AC$86,(L55+1)),IF(J55="F",VLOOKUP(M55,T100Pts!AE$5:AM$86,(L55+1)),"")))) -> - | P55: =IF($L55="X","-",IF(O55="","-",IF(J55="M",VLOOKUP(O55,T100Pts!AO$5:AW$126,(L55+1)),IF(J55="F",VLOOKUP(O55,T100Pts!AY$5:BG$126,(L55+1)),"")))) -> - | R55: =IF(OR($L55="X",$L55=6,$L55=7),"-",IF(Q55="","-",IF(J55="M",VLOOKUP(Q55,T100Pts!BI$5:BN$44,(L55+1)),IF(J55="F",VLOOKUP(Q55,T100Pts!BU$5:BZ$44,(L55+1)),"")))) -> - | T55: =IF($L55="X","-",IF(S55="","-",IF(J55="M",VLOOKUP(S55,T100Pts!A$5:I$1146,(L55+1)),IF(J55="F",VLOOKUP(S55,T100Pts!K$5:S$1147,(L55+1)),"")))) -> - | U55: =IF(OR(N55="X",P55="X",R55="X",T55="X"),"NR",IF(AND(N55="-",P55="-",T55="-"),"-",IF(R55="-",AVERAGE(IF(ISNUMBER(N55),N55),IF(ISNUMBER(P55),P55),IF(ISNUMBER(T55),T55)),AVERAGE(IF(ISNUMBER(N55),N55),IF(ISNUMBER(P55),P55),IF(ISNUMBER(R55),R55),IF(ISNUMBER(T55),T55))))) -> - | V55: =IF(NOT(ISNUMBER(U55)), "-", IF(U55 < 70, "NA", "A")) -> - | X55: =IF($L55="X","-",IF(W55="","-",IF(J55="M",VLOOKUP(W55,T100Pts!U$5:AC$86,(L55+1)),IF(J55="F",VLOOKUP(W55,T100Pts!AE$5:AM$86,(L55+1)),"")))) -> - | Z55: =IF($L55="X","-",IF(Y55="","-",IF(J55="M",VLOOKUP(Y55,T100Pts!AO$5:AW$126,(L55+1)),IF(J55="F",VLOOKUP(Y55,T100Pts!AY$5:BG$126,(L55+1)),"")))) -> - | AB55: =IF(OR($L55="X",$L55=6,$L55=7),"-",IF(AA55="","-",IF(J55="M",VLOOKUP(AA55,T100Pts!BI$5:BN$44,(L55+1)),IF(J55="F",VLOOKUP(AA55,T100Pts!BU$5:BZ$44,(L55+1)),"")))) -> - | AD55: =IF($L55="X","-",IF(AC55="","-",IF(J55="M",VLOOKUP(AC55,T100Pts!A$5:I$1146,(L55+1)),IF(J55="F",VLOOKUP(AC55,T100Pts!K$5:S$1146,(L55+1)),"")))) -> - | AE55: =IF(OR(X55="X",Z55="X",AB55="X",AD55="X"),"NR",IF(AND(X55="-",Z55="-",AD55="-"),"-",IF(AB55="-",AVERAGE(IF(ISNUMBER(X55),X55),IF(ISNUMBER(Z55),Z55),IF(ISNUMBER(AD55),AD55)),AVERAGE(IF(ISNUMBER(X55),X55),IF(ISNUMBER(Z55),Z55),IF(ISNUMBER(AB55),AB55),IF(ISNUMBER(AD55),AD55))))) -> - | AF55: =IF(NOT(ISNUMBER(AE55)), "-", IF(AE55 < 70, "NA", "A")) -> - | AG55: =AVERAGE(U55,AE55) -> #DIV/0! | AH55: =IF(NOT(ISNUMBER(AG55)), "-", IF(AG55 < 70, "NA", "A")) -> - | AJ55: =IF(OR(B55="TG",B55="GD",B55="GB",B55="CY",B55="CR",B55="TC",B55="MY",B55="CT",B55="TP",B55="TP EC",B55="TT",B55="TT EC",B55="ST",B55="ST EC"),"Oficial",IF(OR(B55="VP",B55="VS",B55="VS EC"),"Vol",IF(B55="","","Subof")))
A56: 43 | I56: =IF(OR(G56="",H56=""),"-",ROUND(G56/(H56^2),0)) -> - | J56: M | K56: =IF(F56>0,DATEDIF(F56,$L$1,"Y"),"-") -> - | L56: =IF(F56="","-",IF(K56<>"",VLOOKUP(K56,T100Pts!CH$4:CI$59,(2)))) -> - | N56: =IF($L56="X","-",IF(M56="","-",IF(J56="M",VLOOKUP(M56,T100Pts!U$5:AC$86,(L56+1)),IF(J56="F",VLOOKUP(M56,T100Pts!AE$5:AM$86,(L56+1)),"")))) -> - | P56: =IF($L56="X","-",IF(O56="","-",IF(J56="M",VLOOKUP(O56,T100Pts!AO$5:AW$126,(L56+1)),IF(J56="F",VLOOKUP(O56,T100Pts!AY$5:BG$126,(L56+1)),"")))) -> - | R56: =IF(OR($L56="X",$L56=6,$L56=7),"-",IF(Q56="","-",IF(J56="M",VLOOKUP(Q56,T100Pts!BI$5:BN$44,(L56+1)),IF(J56="F",VLOOKUP(Q56,T100Pts!BU$5:BZ$44,(L56+1)),"")))) -> - | T56: =IF($L56="X","-",IF(S56="","-",IF(J56="M",VLOOKUP(S56,T100Pts!A$5:I$1146,(L56+1)),IF(J56="F",VLOOKUP(S56,T100Pts!K$5:S$1147,(L56+1)),"")))) -> - | U56: =IF(OR(N56="X",P56="X",R56="X",T56="X"),"NR",IF(AND(N56="-",P56="-",T56="-"),"-",IF(R56="-",AVERAGE(IF(ISNUMBER(N56),N56),IF(ISNUMBER(P56),P56),IF(ISNUMBER(T56),T56)),AVERAGE(IF(ISNUMBER(N56),N56),IF(ISNUMBER(P56),P56),IF(ISNUMBER(R56),R56),IF(ISNUMBER(T56),T56))))) -> - | V56: =IF(NOT(ISNUMBER(U56)), "-", IF(U56 < 70, "NA", "A")) -> - | X56: =IF($L56="X","-",IF(W56="","-",IF(J56="M",VLOOKUP(W56,T100Pts!U$5:AC$86,(L56+1)),IF(J56="F",VLOOKUP(W56,T100Pts!AE$5:AM$86,(L56+1)),"")))) -> - | Z56: =IF($L56="X","-",IF(Y56="","-",IF(J56="M",VLOOKUP(Y56,T100Pts!AO$5:AW$126,(L56+1)),IF(J56="F",VLOOKUP(Y56,T100Pts!AY$5:BG$126,(L56+1)),"")))) -> - | AB56: =IF(OR($L56="X",$L56=6,$L56=7),"-",IF(AA56="","-",IF(J56="M",VLOOKUP(AA56,T100Pts!BI$5:BN$44,(L56+1)),IF(J56="F",VLOOKUP(AA56,T100Pts!BU$5:BZ$44,(L56+1)),"")))) -> - | AD56: =IF($L56="X","-",IF(AC56="","-",IF(J56="M",VLOOKUP(AC56,T100Pts!A$5:I$1146,(L56+1)),IF(J56="F",VLOOKUP(AC56,T100Pts!K$5:S$1146,(L56+1)),"")))) -> - | AE56: =IF(OR(X56="X",Z56="X",AB56="X",AD56="X"),"NR",IF(AND(X56="-",Z56="-",AD56="-"),"-",IF(AB56="-",AVERAGE(IF(ISNUMBER(X56),X56),IF(ISNUMBER(Z56),Z56),IF(ISNUMBER(AD56),AD56)),AVERAGE(IF(ISNUMBER(X56),X56),IF(ISNUMBER(Z56),Z56),IF(ISNUMBER(AB56),AB56),IF(ISNUMBER(AD56),AD56))))) -> - | AF56: =IF(NOT(ISNUMBER(AE56)), "-", IF(AE56 < 70, "NA", "A")) -> - | AG56: =AVERAGE(U56,AE56) -> #DIV/0! | AH56: =IF(NOT(ISNUMBER(AG56)), "-", IF(AG56 < 70, "NA", "A")) -> - | AJ56: =IF(OR(B56="TG",B56="GD",B56="GB",B56="CY",B56="CR",B56="TC",B56="MY",B56="CT",B56="TP",B56="TP EC",B56="TT",B56="TT EC",B56="ST",B56="ST EC"),"Oficial",IF(OR(B56="VP",B56="VS",B56="VS EC"),"Vol",IF(B56="","","Subof")))
A57: 44 | I57: =IF(OR(G57="",H57=""),"-",ROUND(G57/(H57^2),0)) -> - | J57: F | K57: =IF(F57>0,DATEDIF(F57,$L$1,"Y"),"-") -> - | L57: =IF(F57="","-",IF(K57<>"",VLOOKUP(K57,T100Pts!CH$4:CI$59,(2)))) -> - | N57: =IF($L57="X","-",IF(M57="","-",IF(J57="M",VLOOKUP(M57,T100Pts!U$5:AC$86,(L57+1)),IF(J57="F",VLOOKUP(M57,T100Pts!AE$5:AM$86,(L57+1)),"")))) -> - | P57: =IF($L57="X","-",IF(O57="","-",IF(J57="M",VLOOKUP(O57,T100Pts!AO$5:AW$126,(L57+1)),IF(J57="F",VLOOKUP(O57,T100Pts!AY$5:BG$126,(L57+1)),"")))) -> - | R57: =IF(OR($L57="X",$L57=6,$L57=7),"-",IF(Q57="","-",IF(J57="M",VLOOKUP(Q57,T100Pts!BI$5:BN$44,(L57+1)),IF(J57="F",VLOOKUP(Q57,T100Pts!BU$5:BZ$44,(L57+1)),"")))) -> - | T57: =IF($L57="X","-",IF(S57="","-",IF(J57="M",VLOOKUP(S57,T100Pts!A$5:I$1146,(L57+1)),IF(J57="F",VLOOKUP(S57,T100Pts!K$5:S$1147,(L57+1)),"")))) -> - | U57: =IF(OR(N57="X",P57="X",R57="X",T57="X"),"NR",IF(AND(N57="-",P57="-",T57="-"),"-",IF(R57="-",AVERAGE(IF(ISNUMBER(N57),N57),IF(ISNUMBER(P57),P57),IF(ISNUMBER(T57),T57)),AVERAGE(IF(ISNUMBER(N57),N57),IF(ISNUMBER(P57),P57),IF(ISNUMBER(R57),R57),IF(ISNUMBER(T57),T57))))) -> - | V57: =IF(NOT(ISNUMBER(U57)), "-", IF(U57 < 70, "NA", "A")) -> - | X57: =IF($L57="X","-",IF(W57="","-",IF(J57="M",VLOOKUP(W57,T100Pts!U$5:AC$86,(L57+1)),IF(J57="F",VLOOKUP(W57,T100Pts!AE$5:AM$86,(L57+1)),"")))) -> - | Z57: =IF($L57="X","-",IF(Y57="","-",IF(J57="M",VLOOKUP(Y57,T100Pts!AO$5:AW$126,(L57+1)),IF(J57="F",VLOOKUP(Y57,T100Pts!AY$5:BG$126,(L57+1)),"")))) -> - | AB57: =IF(OR($L57="X",$L57=6,$L57=7),"-",IF(AA57="","-",IF(J57="M",VLOOKUP(AA57,T100Pts!BI$5:BN$44,(L57+1)),IF(J57="F",VLOOKUP(AA57,T100Pts!BU$5:BZ$44,(L57+1)),"")))) -> - | AD57: =IF($L57="X","-",IF(AC57="","-",IF(J57="M",VLOOKUP(AC57,T100Pts!A$5:I$1146,(L57+1)),IF(J57="F",VLOOKUP(AC57,T100Pts!K$5:S$1146,(L57+1)),"")))) -> - | AE57: =IF(OR(X57="X",Z57="X",AB57="X",AD57="X"),"NR",IF(AND(X57="-",Z57="-",AD57="-"),"-",IF(AB57="-",AVERAGE(IF(ISNUMBER(X57),X57),IF(ISNUMBER(Z57),Z57),IF(ISNUMBER(AD57),AD57)),AVERAGE(IF(ISNUMBER(X57),X57),IF(ISNUMBER(Z57),Z57),IF(ISNUMBER(AB57),AB57),IF(ISNUMBER(AD57),AD57))))) -> - | AF57: =IF(NOT(ISNUMBER(AE57)), "-", IF(AE57 < 70, "NA", "A")) -> - | AG57: =AVERAGE(U57,AE57) -> #DIV/0! | AH57: =IF(NOT(ISNUMBER(AG57)), "-", IF(AG57 < 70, "NA", "A")) -> - | AJ57: =IF(OR(B57="TG",B57="GD",B57="GB",B57="CY",B57="CR",B57="TC",B57="MY",B57="CT",B57="TP",B57="TP EC",B57="TT",B57="TT EC",B57="ST",B57="ST EC"),"Oficial",IF(OR(B57="VP",B57="VS",B57="VS EC"),"Vol",IF(B57="","","Subof")))
A58: 45 | I58: =IF(OR(G58="",H58=""),"-",ROUND(G58/(H58^2),0)) -> - | J58: M | K58: =IF(F58>0,DATEDIF(F58,$L$1,"Y"),"-") -> - | L58: =IF(F58="","-",IF(K58<>"",VLOOKUP(K58,T100Pts!CH$4:CI$59,(2)))) -> - | N58: =IF($L58="X","-",IF(M58="","-",IF(J58="M",VLOOKUP(M58,T100Pts!U$5:AC$86,(L58+1)),IF(J58="F",VLOOKUP(M58,T100Pts!AE$5:AM$86,(L58+1)),"")))) -> - | P58: =IF($L58="X","-",IF(O58="","-",IF(J58="M",VLOOKUP(O58,T100Pts!AO$5:AW$126,(L58+1)),IF(J58="F",VLOOKUP(O58,T100Pts!AY$5:BG$126,(L58+1)),"")))) -> - | R58: =IF(OR($L58="X",$L58=6,$L58=7),"-",IF(Q58="","-",IF(J58="M",VLOOKUP(Q58,T100Pts!BI$5:BN$44,(L58+1)),IF(J58="F",VLOOKUP(Q58,T100Pts!BU$5:BZ$44,(L58+1)),"")))) -> - | T58: =IF($L58="X","-",IF(S58="","-",IF(J58="M",VLOOKUP(S58,T100Pts!A$5:I$1146,(L58+1)),IF(J58="F",VLOOKUP(S58,T100Pts!K$5:S$1147,(L58+1)),"")))) -> - | U58: =IF(OR(N58="X",P58="X",R58="X",T58="X"),"NR",IF(AND(N58="-",P58="-",T58="-"),"-",IF(R58="-",AVERAGE(IF(ISNUMBER(N58),N58),IF(ISNUMBER(P58),P58),IF(ISNUMBER(T58),T58)),AVERAGE(IF(ISNUMBER(N58),N58),IF(ISNUMBER(P58),P58),IF(ISNUMBER(R58),R58),IF(ISNUMBER(T58),T58))))) -> - | V58: =IF(NOT(ISNUMBER(U58)), "-", IF(U58 < 70, "NA", "A")) -> - | X58: =IF($L58="X","-",IF(W58="","-",IF(J58="M",VLOOKUP(W58,T100Pts!U$5:AC$86,(L58+1)),IF(J58="F",VLOOKUP(W58,T100Pts!AE$5:AM$86,(L58+1)),"")))) -> - | Z58: =IF($L58="X","-",IF(Y58="","-",IF(J58="M",VLOOKUP(Y58,T100Pts!AO$5:AW$126,(L58+1)),IF(J58="F",VLOOKUP(Y58,T100Pts!AY$5:BG$126,(L58+1)),"")))) -> - | AB58: =IF(OR($L58="X",$L58=6,$L58=7),"-",IF(AA58="","-",IF(J58="M",VLOOKUP(AA58,T100Pts!BI$5:BN$44,(L58+1)),IF(J58="F",VLOOKUP(AA58,T100Pts!BU$5:BZ$44,(L58+1)),"")))) -> - | AD58: =IF($L58="X","-",IF(AC58="","-",IF(J58="M",VLOOKUP(AC58,T100Pts!A$5:I$1146,(L58+1)),IF(J58="F",VLOOKUP(AC58,T100Pts!K$5:S$1146,(L58+1)),"")))) -> - | AE58: =IF(OR(X58="X",Z58="X",AB58="X",AD58="X"),"NR",IF(AND(X58="-",Z58="-",AD58="-"),"-",IF(AB58="-",AVERAGE(IF(ISNUMBER(X58),X58),IF(ISNUMBER(Z58),Z58),IF(ISNUMBER(AD58),AD58)),AVERAGE(IF(ISNUMBER(X58),X58),IF(ISNUMBER(Z58),Z58),IF(ISNUMBER(AB58),AB58),IF(ISNUMBER(AD58),AD58))))) -> - | AF58: =IF(NOT(ISNUMBER(AE58)), "-", IF(AE58 < 70, "NA", "A")) -> - | AG58: =AVERAGE(U58,AE58) -> #DIV/0! | AH58: =IF(NOT(ISNUMBER(AG58)), "-", IF(AG58 < 70, "NA", "A")) -> - | AJ58: =IF(OR(B58="TG",B58="GD",B58="GB",B58="CY",B58="CR",B58="TC",B58="MY",B58="CT",B58="TP",B58="TP EC",B58="TT",B58="TT EC",B58="ST",B58="ST EC"),"Oficial",IF(OR(B58="VP",B58="VS",B58="VS EC"),"Vol",IF(B58="","","Subof")))
A59: 46 | I59: =IF(OR(G59="",H59=""),"-",ROUND(G59/(H59^2),0)) -> - | J59: M | K59: =IF(F59>0,DATEDIF(F59,$L$1,"Y"),"-") -> - | L59: =IF(F59="","-",IF(K59<>"",VLOOKUP(K59,T100Pts!CH$4:CI$59,(2)))) -> - | N59: =IF($L59="X","-",IF(M59="","-",IF(J59="M",VLOOKUP(M59,T100Pts!U$5:AC$86,(L59+1)),IF(J59="F",VLOOKUP(M59,T100Pts!AE$5:AM$86,(L59+1)),"")))) -> - | P59: =IF($L59="X","-",IF(O59="","-",IF(J59="M",VLOOKUP(O59,T100Pts!AO$5:AW$126,(L59+1)),IF(J59="F",VLOOKUP(O59,T100Pts!AY$5:BG$126,(L59+1)),"")))) -> - | R59: =IF(OR($L59="X",$L59=6,$L59=7),"-",IF(Q59="","-",IF(J59="M",VLOOKUP(Q59,T100Pts!BI$5:BN$44,(L59+1)),IF(J59="F",VLOOKUP(Q59,T100Pts!BU$5:BZ$44,(L59+1)),"")))) -> - | T59: =IF($L59="X","-",IF(S59="","-",IF(J59="M",VLOOKUP(S59,T100Pts!A$5:I$1146,(L59+1)),IF(J59="F",VLOOKUP(S59,T100Pts!K$5:S$1147,(L59+1)),"")))) -> - | U59: =IF(OR(N59="X",P59="X",R59="X",T59="X"),"NR",IF(AND(N59="-",P59="-",T59="-"),"-",IF(R59="-",AVERAGE(IF(ISNUMBER(N59),N59),IF(ISNUMBER(P59),P59),IF(ISNUMBER(T59),T59)),AVERAGE(IF(ISNUMBER(N59),N59),IF(ISNUMBER(P59),P59),IF(ISNUMBER(R59),R59),IF(ISNUMBER(T59),T59))))) -> - | V59: =IF(NOT(ISNUMBER(U59)), "-", IF(U59 < 70, "NA", "A")) -> - | X59: =IF($L59="X","-",IF(W59="","-",IF(J59="M",VLOOKUP(W59,T100Pts!U$5:AC$86,(L59+1)),IF(J59="F",VLOOKUP(W59,T100Pts!AE$5:AM$86,(L59+1)),"")))) -> - | Z59: =IF($L59="X","-",IF(Y59="","-",IF(J59="M",VLOOKUP(Y59,T100Pts!AO$5:AW$126,(L59+1)),IF(J59="F",VLOOKUP(Y59,T100Pts!AY$5:BG$126,(L59+1)),"")))) -> - | AB59: =IF(OR($L59="X",$L59=6,$L59=7),"-",IF(AA59="","-",IF(J59="M",VLOOKUP(AA59,T100Pts!BI$5:BN$44,(L59+1)),IF(J59="F",VLOOKUP(AA59,T100Pts!BU$5:BZ$44,(L59+1)),"")))) -> - | AD59: =IF($L59="X","-",IF(AC59="","-",IF(J59="M",VLOOKUP(AC59,T100Pts!A$5:I$1146,(L59+1)),IF(J59="F",VLOOKUP(AC59,T100Pts!K$5:S$1146,(L59+1)),"")))) -> - | AE59: =IF(OR(X59="X",Z59="X",AB59="X",AD59="X"),"NR",IF(AND(X59="-",Z59="-",AD59="-"),"-",IF(AB59="-",AVERAGE(IF(ISNUMBER(X59),X59),IF(ISNUMBER(Z59),Z59),IF(ISNUMBER(AD59),AD59)),AVERAGE(IF(ISNUMBER(X59),X59),IF(ISNUMBER(Z59),Z59),IF(ISNUMBER(AB59),AB59),IF(ISNUMBER(AD59),AD59))))) -> - | AF59: =IF(NOT(ISNUMBER(AE59)), "-", IF(AE59 < 70, "NA", "A")) -> - | AG59: =AVERAGE(U59,AE59) -> #DIV/0! | AH59: =IF(NOT(ISNUMBER(AG59)), "-", IF(AG59 < 70, "NA", "A")) -> - | AJ59: =IF(OR(B59="TG",B59="GD",B59="GB",B59="CY",B59="CR",B59="TC",B59="MY",B59="CT",B59="TP",B59="TP EC",B59="TT",B59="TT EC",B59="ST",B59="ST EC"),"Oficial",IF(OR(B59="VP",B59="VS",B59="VS EC"),"Vol",IF(B59="","","Subof")))
A60: 47 | I60: =IF(OR(G60="",H60=""),"-",ROUND(G60/(H60^2),0)) -> - | J60: M | K60: =IF(F60>0,DATEDIF(F60,$L$1,"Y"),"-") -> - | L60: =IF(F60="","-",IF(K60<>"",VLOOKUP(K60,T100Pts!CH$4:CI$59,(2)))) -> - | N60: =IF($L60="X","-",IF(M60="","-",IF(J60="M",VLOOKUP(M60,T100Pts!U$5:AC$86,(L60+1)),IF(J60="F",VLOOKUP(M60,T100Pts!AE$5:AM$86,(L60+1)),"")))) -> - | P60: =IF($L60="X","-",IF(O60="","-",IF(J60="M",VLOOKUP(O60,T100Pts!AO$5:AW$126,(L60+1)),IF(J60="F",VLOOKUP(O60,T100Pts!AY$5:BG$126,(L60+1)),"")))) -> - | R60: =IF(OR($L60="X",$L60=6,$L60=7),"-",IF(Q60="","-",IF(J60="M",VLOOKUP(Q60,T100Pts!BI$5:BN$44,(L60+1)),IF(J60="F",VLOOKUP(Q60,T100Pts!BU$5:BZ$44,(L60+1)),"")))) -> - | T60: =IF($L60="X","-",IF(S60="","-",IF(J60="M",VLOOKUP(S60,T100Pts!A$5:I$1146,(L60+1)),IF(J60="F",VLOOKUP(S60,T100Pts!K$5:S$1147,(L60+1)),"")))) -> - | U60: =IF(OR(N60="X",P60="X",R60="X",T60="X"),"NR",IF(AND(N60="-",P60="-",T60="-"),"-",IF(R60="-",AVERAGE(IF(ISNUMBER(N60),N60),IF(ISNUMBER(P60),P60),IF(ISNUMBER(T60),T60)),AVERAGE(IF(ISNUMBER(N60),N60),IF(ISNUMBER(P60),P60),IF(ISNUMBER(R60),R60),IF(ISNUMBER(T60),T60))))) -> - | V60: =IF(NOT(ISNUMBER(U60)), "-", IF(U60 < 70, "NA", "A")) -> - | X60: =IF($L60="X","-",IF(W60="","-",IF(J60="M",VLOOKUP(W60,T100Pts!U$5:AC$86,(L60+1)),IF(J60="F",VLOOKUP(W60,T100Pts!AE$5:AM$86,(L60+1)),"")))) -> - | Z60: =IF($L60="X","-",IF(Y60="","-",IF(J60="M",VLOOKUP(Y60,T100Pts!AO$5:AW$126,(L60+1)),IF(J60="F",VLOOKUP(Y60,T100Pts!AY$5:BG$126,(L60+1)),"")))) -> - | AB60: =IF(OR($L60="X",$L60=6,$L60=7),"-",IF(AA60="","-",IF(J60="M",VLOOKUP(AA60,T100Pts!BI$5:BN$44,(L60+1)),IF(J60="F",VLOOKUP(AA60,T100Pts!BU$5:BZ$44,(L60+1)),"")))) -> - | AD60: =IF($L60="X","-",IF(AC60="","-",IF(J60="M",VLOOKUP(AC60,T100Pts!A$5:I$1146,(L60+1)),IF(J60="F",VLOOKUP(AC60,T100Pts!K$5:S$1146,(L60+1)),"")))) -> - | AE60: =IF(OR(X60="X",Z60="X",AB60="X",AD60="X"),"NR",IF(AND(X60="-",Z60="-",AD60="-"),"-",IF(AB60="-",AVERAGE(IF(ISNUMBER(X60),X60),IF(ISNUMBER(Z60),Z60),IF(ISNUMBER(AD60),AD60)),AVERAGE(IF(ISNUMBER(X60),X60),IF(ISNUMBER(Z60),Z60),IF(ISNUMBER(AB60),AB60),IF(ISNUMBER(AD60),AD60))))) -> - | AF60: =IF(NOT(ISNUMBER(AE60)), "-", IF(AE60 < 70, "NA", "A")) -> - | AG60: =AVERAGE(U60,AE60) -> #DIV/0! | AH60: =IF(NOT(ISNUMBER(AG60)), "-", IF(AG60 < 70, "NA", "A")) -> - | AJ60: =IF(OR(B60="TG",B60="GD",B60="GB",B60="CY",B60="CR",B60="TC",B60="MY",B60="CT",B60="TP",B60="TP EC",B60="TT",B60="TT EC",B60="ST",B60="ST EC"),"Oficial",IF(OR(B60="VP",B60="VS",B60="VS EC"),"Vol",IF(B60="","","Subof")))
A61: 48 | I61: =IF(OR(G61="",H61=""),"-",ROUND(G61/(H61^2),0)) -> - | J61: M | K61: =IF(F61>0,DATEDIF(F61,$L$1,"Y"),"-") -> - | L61: =IF(F61="","-",IF(K61<>"",VLOOKUP(K61,T100Pts!CH$4:CI$59,(2)))) -> - | N61: =IF($L61="X","-",IF(M61="","-",IF(J61="M",VLOOKUP(M61,T100Pts!U$5:AC$86,(L61+1)),IF(J61="F",VLOOKUP(M61,T100Pts!AE$5:AM$86,(L61+1)),"")))) -> - | P61: =IF($L61="X","-",IF(O61="","-",IF(J61="M",VLOOKUP(O61,T100Pts!AO$5:AW$126,(L61+1)),IF(J61="F",VLOOKUP(O61,T100Pts!AY$5:BG$126,(L61+1)),"")))) -> - | R61: =IF(OR($L61="X",$L61=6,$L61=7),"-",IF(Q61="","-",IF(J61="M",VLOOKUP(Q61,T100Pts!BI$5:BN$44,(L61+1)),IF(J61="F",VLOOKUP(Q61,T100Pts!BU$5:BZ$44,(L61+1)),"")))) -> - | T61: =IF($L61="X","-",IF(S61="","-",IF(J61="M",VLOOKUP(S61,T100Pts!A$5:I$1146,(L61+1)),IF(J61="F",VLOOKUP(S61,T100Pts!K$5:S$1147,(L61+1)),"")))) -> - | U61: =IF(OR(N61="X",P61="X",R61="X",T61="X"),"NR",IF(AND(N61="-",P61="-",T61="-"),"-",IF(R61="-",AVERAGE(IF(ISNUMBER(N61),N61),IF(ISNUMBER(P61),P61),IF(ISNUMBER(T61),T61)),AVERAGE(IF(ISNUMBER(N61),N61),IF(ISNUMBER(P61),P61),IF(ISNUMBER(R61),R61),IF(ISNUMBER(T61),T61))))) -> - | V61: =IF(NOT(ISNUMBER(U61)), "-", IF(U61 < 70, "NA", "A")) -> - | X61: =IF($L61="X","-",IF(W61="","-",IF(J61="M",VLOOKUP(W61,T100Pts!U$5:AC$86,(L61+1)),IF(J61="F",VLOOKUP(W61,T100Pts!AE$5:AM$86,(L61+1)),"")))) -> - | Z61: =IF($L61="X","-",IF(Y61="","-",IF(J61="M",VLOOKUP(Y61,T100Pts!AO$5:AW$126,(L61+1)),IF(J61="F",VLOOKUP(Y61,T100Pts!AY$5:BG$126,(L61+1)),"")))) -> - | AB61: =IF(OR($L61="X",$L61=6,$L61=7),"-",IF(AA61="","-",IF(J61="M",VLOOKUP(AA61,T100Pts!BI$5:BN$44,(L61+1)),IF(J61="F",VLOOKUP(AA61,T100Pts!BU$5:BZ$44,(L61+1)),"")))) -> - | AD61: =IF($L61="X","-",IF(AC61="","-",IF(J61="M",VLOOKUP(AC61,T100Pts!A$5:I$1146,(L61+1)),IF(J61="F",VLOOKUP(AC61,T100Pts!K$5:S$1146,(L61+1)),"")))) -> - | AE61: =IF(OR(X61="X",Z61="X",AB61="X",AD61="X"),"NR",IF(AND(X61="-",Z61="-",AD61="-"),"-",IF(AB61="-",AVERAGE(IF(ISNUMBER(X61),X61),IF(ISNUMBER(Z61),Z61),IF(ISNUMBER(AD61),AD61)),AVERAGE(IF(ISNUMBER(X61),X61),IF(ISNUMBER(Z61),Z61),IF(ISNUMBER(AB61),AB61),IF(ISNUMBER(AD61),AD61))))) -> - | AF61: =IF(NOT(ISNUMBER(AE61)), "-", IF(AE61 < 70, "NA", "A")) -> - | AG61: =AVERAGE(U61,AE61) -> #DIV/0! | AH61: =IF(NOT(ISNUMBER(AG61)), "-", IF(AG61 < 70, "NA", "A")) -> - | AJ61: =IF(OR(B61="TG",B61="GD",B61="GB",B61="CY",B61="CR",B61="TC",B61="MY",B61="CT",B61="TP",B61="TP EC",B61="TT",B61="TT EC",B61="ST",B61="ST EC"),"Oficial",IF(OR(B61="VP",B61="VS",B61="VS EC"),"Vol",IF(B61="","","Subof")))
A62: 49 | I62: =IF(OR(G62="",H62=""),"-",ROUND(G62/(H62^2),0)) -> - | J62: M | K62: =IF(F62>0,DATEDIF(F62,$L$1,"Y"),"-") -> - | L62: =IF(F62="","-",IF(K62<>"",VLOOKUP(K62,T100Pts!CH$4:CI$59,(2)))) -> - | N62: =IF($L62="X","-",IF(M62="","-",IF(J62="M",VLOOKUP(M62,T100Pts!U$5:AC$86,(L62+1)),IF(J62="F",VLOOKUP(M62,T100Pts!AE$5:AM$86,(L62+1)),"")))) -> - | P62: =IF($L62="X","-",IF(O62="","-",IF(J62="M",VLOOKUP(O62,T100Pts!AO$5:AW$126,(L62+1)),IF(J62="F",VLOOKUP(O62,T100Pts!AY$5:BG$126,(L62+1)),"")))) -> - | R62: =IF(OR($L62="X",$L62=6,$L62=7),"-",IF(Q62="","-",IF(J62="M",VLOOKUP(Q62,T100Pts!BI$5:BN$44,(L62+1)),IF(J62="F",VLOOKUP(Q62,T100Pts!BU$5:BZ$44,(L62+1)),"")))) -> - | T62: =IF($L62="X","-",IF(S62="","-",IF(J62="M",VLOOKUP(S62,T100Pts!A$5:I$1146,(L62+1)),IF(J62="F",VLOOKUP(S62,T100Pts!K$5:S$1147,(L62+1)),"")))) -> - | U62: =IF(OR(N62="X",P62="X",R62="X",T62="X"),"NR",IF(AND(N62="-",P62="-",T62="-"),"-",IF(R62="-",AVERAGE(IF(ISNUMBER(N62),N62),IF(ISNUMBER(P62),P62),IF(ISNUMBER(T62),T62)),AVERAGE(IF(ISNUMBER(N62),N62),IF(ISNUMBER(P62),P62),IF(ISNUMBER(R62),R62),IF(ISNUMBER(T62),T62))))) -> - | V62: =IF(NOT(ISNUMBER(U62)), "-", IF(U62 < 70, "NA", "A")) -> - | X62: =IF($L62="X","-",IF(W62="","-",IF(J62="M",VLOOKUP(W62,T100Pts!U$5:AC$86,(L62+1)),IF(J62="F",VLOOKUP(W62,T100Pts!AE$5:AM$86,(L62+1)),"")))) -> - | Z62: =IF($L62="X","-",IF(Y62="","-",IF(J62="M",VLOOKUP(Y62,T100Pts!AO$5:AW$126,(L62+1)),IF(J62="F",VLOOKUP(Y62,T100Pts!AY$5:BG$126,(L62+1)),"")))) -> - | AB62: =IF(OR($L62="X",$L62=6,$L62=7),"-",IF(AA62="","-",IF(J62="M",VLOOKUP(AA62,T100Pts!BI$5:BN$44,(L62+1)),IF(J62="F",VLOOKUP(AA62,T100Pts!BU$5:BZ$44,(L62+1)),"")))) -> - | AD62: =IF($L62="X","-",IF(AC62="","-",IF(J62="M",VLOOKUP(AC62,T100Pts!A$5:I$1146,(L62+1)),IF(J62="F",VLOOKUP(AC62,T100Pts!K$5:S$1146,(L62+1)),"")))) -> - | AE62: =IF(OR(X62="X",Z62="X",AB62="X",AD62="X"),"NR",IF(AND(X62="-",Z62="-",AD62="-"),"-",IF(AB62="-",AVERAGE(IF(ISNUMBER(X62),X62),IF(ISNUMBER(Z62),Z62),IF(ISNUMBER(AD62),AD62)),AVERAGE(IF(ISNUMBER(X62),X62),IF(ISNUMBER(Z62),Z62),IF(ISNUMBER(AB62),AB62),IF(ISNUMBER(AD62),AD62))))) -> - | AF62: =IF(NOT(ISNUMBER(AE62)), "-", IF(AE62 < 70, "NA", "A")) -> - | AG62: =AVERAGE(U62,AE62) -> #DIV/0! | AH62: =IF(NOT(ISNUMBER(AG62)), "-", IF(AG62 < 70, "NA", "A")) -> - | AJ62: =IF(OR(B62="TG",B62="GD",B62="GB",B62="CY",B62="CR",B62="TC",B62="MY",B62="CT",B62="TP",B62="TP EC",B62="TT",B62="TT EC",B62="ST",B62="ST EC"),"Oficial",IF(OR(B62="VP",B62="VS",B62="VS EC"),"Vol",IF(B62="","","Subof")))
A63: 50 | I63: =IF(OR(G63="",H63=""),"-",ROUND(G63/(H63^2),0)) -> - | J63: M | K63: =IF(F63>0,DATEDIF(F63,$L$1,"Y"),"-") -> - | L63: =IF(F63="","-",IF(K63<>"",VLOOKUP(K63,T100Pts!CH$4:CI$59,(2)))) -> - | N63: =IF($L63="X","-",IF(M63="","-",IF(J63="M",VLOOKUP(M63,T100Pts!U$5:AC$86,(L63+1)),IF(J63="F",VLOOKUP(M63,T100Pts!AE$5:AM$86,(L63+1)),"")))) -> - | P63: =IF($L63="X","-",IF(O63="","-",IF(J63="M",VLOOKUP(O63,T100Pts!AO$5:AW$126,(L63+1)),IF(J63="F",VLOOKUP(O63,T100Pts!AY$5:BG$126,(L63+1)),"")))) -> - | R63: =IF(OR($L63="X",$L63=6,$L63=7),"-",IF(Q63="","-",IF(J63="M",VLOOKUP(Q63,T100Pts!BI$5:BN$44,(L63+1)),IF(J63="F",VLOOKUP(Q63,T100Pts!BU$5:BZ$44,(L63+1)),"")))) -> - | T63: =IF($L63="X","-",IF(S63="","-",IF(J63="M",VLOOKUP(S63,T100Pts!A$5:I$1146,(L63+1)),IF(J63="F",VLOOKUP(S63,T100Pts!K$5:S$1147,(L63+1)),"")))) -> - | U63: =IF(OR(N63="X",P63="X",R63="X",T63="X"),"NR",IF(AND(N63="-",P63="-",T63="-"),"-",IF(R63="-",AVERAGE(IF(ISNUMBER(N63),N63),IF(ISNUMBER(P63),P63),IF(ISNUMBER(T63),T63)),AVERAGE(IF(ISNUMBER(N63),N63),IF(ISNUMBER(P63),P63),IF(ISNUMBER(R63),R63),IF(ISNUMBER(T63),T63))))) -> - | V63: =IF(NOT(ISNUMBER(U63)), "-", IF(U63 < 70, "NA", "A")) -> - | X63: =IF($L63="X","-",IF(W63="","-",IF(J63="M",VLOOKUP(W63,T100Pts!U$5:AC$86,(L63+1)),IF(J63="F",VLOOKUP(W63,T100Pts!AE$5:AM$86,(L63+1)),"")))) -> - | Z63: =IF($L63="X","-",IF(Y63="","-",IF(J63="M",VLOOKUP(Y63,T100Pts!AO$5:AW$126,(L63+1)),IF(J63="F",VLOOKUP(Y63,T100Pts!AY$5:BG$126,(L63+1)),"")))) -> - | AB63: =IF(OR($L63="X",$L63=6,$L63=7),"-",IF(AA63="","-",IF(J63="M",VLOOKUP(AA63,T100Pts!BI$5:BN$44,(L63+1)),IF(J63="F",VLOOKUP(AA63,T100Pts!BU$5:BZ$44,(L63+1)),"")))) -> - | AD63: =IF($L63="X","-",IF(AC63="","-",IF(J63="M",VLOOKUP(AC63,T100Pts!A$5:I$1146,(L63+1)),IF(J63="F",VLOOKUP(AC63,T100Pts!K$5:S$1146,(L63+1)),"")))) -> - | AE63: =IF(OR(X63="X",Z63="X",AB63="X",AD63="X"),"NR",IF(AND(X63="-",Z63="-",AD63="-"),"-",IF(AB63="-",AVERAGE(IF(ISNUMBER(X63),X63),IF(ISNUMBER(Z63),Z63),IF(ISNUMBER(AD63),AD63)),AVERAGE(IF(ISNUMBER(X63),X63),IF(ISNUMBER(Z63),Z63),IF(ISNUMBER(AB63),AB63),IF(ISNUMBER(AD63),AD63))))) -> - | AF63: =IF(NOT(ISNUMBER(AE63)), "-", IF(AE63 < 70, "NA", "A")) -> - | AG63: =AVERAGE(U63,AE63) -> #DIV/0! | AH63: =IF(NOT(ISNUMBER(AG63)), "-", IF(AG63 < 70, "NA", "A")) -> - | AJ63: =IF(OR(B63="TG",B63="GD",B63="GB",B63="CY",B63="CR",B63="TC",B63="MY",B63="CT",B63="TP",B63="TP EC",B63="TT",B63="TT EC",B63="ST",B63="ST EC"),"Oficial",IF(OR(B63="VP",B63="VS",B63="VS EC"),"Vol",IF(B63="","","Subof")))
A64: 51 | I64: =IF(OR(G64="",H64=""),"-",ROUND(G64/(H64^2),0)) -> - | J64: M | K64: =IF(F64>0,DATEDIF(F64,$L$1,"Y"),"-") -> - | L64: =IF(F64="","-",IF(K64<>"",VLOOKUP(K64,T100Pts!CH$4:CI$59,(2)))) -> - | N64: =IF($L64="X","-",IF(M64="","-",IF(J64="M",VLOOKUP(M64,T100Pts!U$5:AC$86,(L64+1)),IF(J64="F",VLOOKUP(M64,T100Pts!AE$5:AM$86,(L64+1)),"")))) -> - | P64: =IF($L64="X","-",IF(O64="","-",IF(J64="M",VLOOKUP(O64,T100Pts!AO$5:AW$126,(L64+1)),IF(J64="F",VLOOKUP(O64,T100Pts!AY$5:BG$126,(L64+1)),"")))) -> - | R64: =IF(OR($L64="X",$L64=6,$L64=7),"-",IF(Q64="","-",IF(J64="M",VLOOKUP(Q64,T100Pts!BI$5:BN$44,(L64+1)),IF(J64="F",VLOOKUP(Q64,T100Pts!BU$5:BZ$44,(L64+1)),"")))) -> - | T64: =IF($L64="X","-",IF(S64="","-",IF(J64="M",VLOOKUP(S64,T100Pts!A$5:I$1146,(L64+1)),IF(J64="F",VLOOKUP(S64,T100Pts!K$5:S$1147,(L64+1)),"")))) -> - | U64: =IF(OR(N64="X",P64="X",R64="X",T64="X"),"NR",IF(AND(N64="-",P64="-",T64="-"),"-",IF(R64="-",AVERAGE(IF(ISNUMBER(N64),N64),IF(ISNUMBER(P64),P64),IF(ISNUMBER(T64),T64)),AVERAGE(IF(ISNUMBER(N64),N64),IF(ISNUMBER(P64),P64),IF(ISNUMBER(R64),R64),IF(ISNUMBER(T64),T64))))) -> - | V64: =IF(NOT(ISNUMBER(U64)), "-", IF(U64 < 70, "NA", "A")) -> - | X64: =IF($L64="X","-",IF(W64="","-",IF(J64="M",VLOOKUP(W64,T100Pts!U$5:AC$86,(L64+1)),IF(J64="F",VLOOKUP(W64,T100Pts!AE$5:AM$86,(L64+1)),"")))) -> - | Z64: =IF($L64="X","-",IF(Y64="","-",IF(J64="M",VLOOKUP(Y64,T100Pts!AO$5:AW$126,(L64+1)),IF(J64="F",VLOOKUP(Y64,T100Pts!AY$5:BG$126,(L64+1)),"")))) -> - | AB64: =IF(OR($L64="X",$L64=6,$L64=7),"-",IF(AA64="","-",IF(J64="M",VLOOKUP(AA64,T100Pts!BI$5:BN$44,(L64+1)),IF(J64="F",VLOOKUP(AA64,T100Pts!BU$5:BZ$44,(L64+1)),"")))) -> - | AD64: =IF($L64="X","-",IF(AC64="","-",IF(J64="M",VLOOKUP(AC64,T100Pts!A$5:I$1146,(L64+1)),IF(J64="F",VLOOKUP(AC64,T100Pts!K$5:S$1146,(L64+1)),"")))) -> - | AE64: =IF(OR(X64="X",Z64="X",AB64="X",AD64="X"),"NR",IF(AND(X64="-",Z64="-",AD64="-"),"-",IF(AB64="-",AVERAGE(IF(ISNUMBER(X64),X64),IF(ISNUMBER(Z64),Z64),IF(ISNUMBER(AD64),AD64)),AVERAGE(IF(ISNUMBER(X64),X64),IF(ISNUMBER(Z64),Z64),IF(ISNUMBER(AB64),AB64),IF(ISNUMBER(AD64),AD64))))) -> - | AF64: =IF(NOT(ISNUMBER(AE64)), "-", IF(AE64 < 70, "NA", "A")) -> - | AG64: =AVERAGE(U64,AE64) -> #DIV/0! | AH64: =IF(NOT(ISNUMBER(AG64)), "-", IF(AG64 < 70, "NA", "A")) -> - | AJ64: =IF(OR(B64="TG",B64="GD",B64="GB",B64="CY",B64="CR",B64="TC",B64="MY",B64="CT",B64="TP",B64="TP EC",B64="TT",B64="TT EC",B64="ST",B64="ST EC"),"Oficial",IF(OR(B64="VP",B64="VS",B64="VS EC"),"Vol",IF(B64="","","Subof")))
A65: 52 | I65: =IF(OR(G65="",H65=""),"-",ROUND(G65/(H65^2),0)) -> - | J65: M | K65: =IF(F65>0,DATEDIF(F65,$L$1,"Y"),"-") -> - | L65: =IF(F65="","-",IF(K65<>"",VLOOKUP(K65,T100Pts!CH$4:CI$59,(2)))) -> - | N65: =IF($L65="X","-",IF(M65="","-",IF(J65="M",VLOOKUP(M65,T100Pts!U$5:AC$86,(L65+1)),IF(J65="F",VLOOKUP(M65,T100Pts!AE$5:AM$86,(L65+1)),"")))) -> - | P65: =IF($L65="X","-",IF(O65="","-",IF(J65="M",VLOOKUP(O65,T100Pts!AO$5:AW$126,(L65+1)),IF(J65="F",VLOOKUP(O65,T100Pts!AY$5:BG$126,(L65+1)),"")))) -> - | R65: =IF(OR($L65="X",$L65=6,$L65=7),"-",IF(Q65="","-",IF(J65="M",VLOOKUP(Q65,T100Pts!BI$5:BN$44,(L65+1)),IF(J65="F",VLOOKUP(Q65,T100Pts!BU$5:BZ$44,(L65+1)),"")))) -> - | T65: =IF($L65="X","-",IF(S65="","-",IF(J65="M",VLOOKUP(S65,T100Pts!A$5:I$1146,(L65+1)),IF(J65="F",VLOOKUP(S65,T100Pts!K$5:S$1147,(L65+1)),"")))) -> - | U65: =IF(OR(N65="X",P65="X",R65="X",T65="X"),"NR",IF(AND(N65="-",P65="-",T65="-"),"-",IF(R65="-",AVERAGE(IF(ISNUMBER(N65),N65),IF(ISNUMBER(P65),P65),IF(ISNUMBER(T65),T65)),AVERAGE(IF(ISNUMBER(N65),N65),IF(ISNUMBER(P65),P65),IF(ISNUMBER(R65),R65),IF(ISNUMBER(T65),T65))))) -> - | V65: =IF(NOT(ISNUMBER(U65)), "-", IF(U65 < 70, "NA", "A")) -> - | X65: =IF($L65="X","-",IF(W65="","-",IF(J65="M",VLOOKUP(W65,T100Pts!U$5:AC$86,(L65+1)),IF(J65="F",VLOOKUP(W65,T100Pts!AE$5:AM$86,(L65+1)),"")))) -> - | Z65: =IF($L65="X","-",IF(Y65="","-",IF(J65="M",VLOOKUP(Y65,T100Pts!AO$5:AW$126,(L65+1)),IF(J65="F",VLOOKUP(Y65,T100Pts!AY$5:BG$126,(L65+1)),"")))) -> - | AB65: =IF(OR($L65="X",$L65=6,$L65=7),"-",IF(AA65="","-",IF(J65="M",VLOOKUP(AA65,T100Pts!BI$5:BN$44,(L65+1)),IF(J65="F",VLOOKUP(AA65,T100Pts!BU$5:BZ$44,(L65+1)),"")))) -> - | AD65: =IF($L65="X","-",IF(AC65="","-",IF(J65="M",VLOOKUP(AC65,T100Pts!A$5:I$1146,(L65+1)),IF(J65="F",VLOOKUP(AC65,T100Pts!K$5:S$1146,(L65+1)),"")))) -> - | AE65: =IF(OR(X65="X",Z65="X",AB65="X",AD65="X"),"NR",IF(AND(X65="-",Z65="-",AD65="-"),"-",IF(AB65="-",AVERAGE(IF(ISNUMBER(X65),X65),IF(ISNUMBER(Z65),Z65),IF(ISNUMBER(AD65),AD65)),AVERAGE(IF(ISNUMBER(X65),X65),IF(ISNUMBER(Z65),Z65),IF(ISNUMBER(AB65),AB65),IF(ISNUMBER(AD65),AD65))))) -> - | AF65: =IF(NOT(ISNUMBER(AE65)), "-", IF(AE65 < 70, "NA", "A")) -> - | AG65: =AVERAGE(U65,AE65) -> #DIV/0! | AH65: =IF(NOT(ISNUMBER(AG65)), "-", IF(AG65 < 70, "NA", "A")) -> - | AJ65: =IF(OR(B65="TG",B65="GD",B65="GB",B65="CY",B65="CR",B65="TC",B65="MY",B65="CT",B65="TP",B65="TP EC",B65="TT",B65="TT EC",B65="ST",B65="ST EC"),"Oficial",IF(OR(B65="VP",B65="VS",B65="VS EC"),"Vol",IF(B65="","","Subof")))
A66: 53 | I66: =IF(OR(G66="",H66=""),"-",ROUND(G66/(H66^2),0)) -> - | J66: M | K66: =IF(F66>0,DATEDIF(F66,$L$1,"Y"),"-") -> - | L66: =IF(F66="","-",IF(K66<>"",VLOOKUP(K66,T100Pts!CH$4:CI$59,(2)))) -> - | N66: =IF($L66="X","-",IF(M66="","-",IF(J66="M",VLOOKUP(M66,T100Pts!U$5:AC$86,(L66+1)),IF(J66="F",VLOOKUP(M66,T100Pts!AE$5:AM$86,(L66+1)),"")))) -> - | P66: =IF($L66="X","-",IF(O66="","-",IF(J66="M",VLOOKUP(O66,T100Pts!AO$5:AW$126,(L66+1)),IF(J66="F",VLOOKUP(O66,T100Pts!AY$5:BG$126,(L66+1)),"")))) -> - | R66: =IF(OR($L66="X",$L66=6,$L66=7),"-",IF(Q66="","-",IF(J66="M",VLOOKUP(Q66,T100Pts!BI$5:BN$44,(L66+1)),IF(J66="F",VLOOKUP(Q66,T100Pts!BU$5:BZ$44,(L66+1)),"")))) -> - | T66: =IF($L66="X","-",IF(S66="","-",IF(J66="M",VLOOKUP(S66,T100Pts!A$5:I$1146,(L66+1)),IF(J66="F",VLOOKUP(S66,T100Pts!K$5:S$1147,(L66+1)),"")))) -> - | U66: =IF(OR(N66="X",P66="X",R66="X",T66="X"),"NR",IF(AND(N66="-",P66="-",T66="-"),"-",IF(R66="-",AVERAGE(IF(ISNUMBER(N66),N66),IF(ISNUMBER(P66),P66),IF(ISNUMBER(T66),T66)),AVERAGE(IF(ISNUMBER(N66),N66),IF(ISNUMBER(P66),P66),IF(ISNUMBER(R66),R66),IF(ISNUMBER(T66),T66))))) -> - | V66: =IF(NOT(ISNUMBER(U66)), "-", IF(U66 < 70, "NA", "A")) -> - | X66: =IF($L66="X","-",IF(W66="","-",IF(J66="M",VLOOKUP(W66,T100Pts!U$5:AC$86,(L66+1)),IF(J66="F",VLOOKUP(W66,T100Pts!AE$5:AM$86,(L66+1)),"")))) -> - | Z66: =IF($L66="X","-",IF(Y66="","-",IF(J66="M",VLOOKUP(Y66,T100Pts!AO$5:AW$126,(L66+1)),IF(J66="F",VLOOKUP(Y66,T100Pts!AY$5:BG$126,(L66+1)),"")))) -> - | AB66: =IF(OR($L66="X",$L66=6,$L66=7),"-",IF(AA66="","-",IF(J66="M",VLOOKUP(AA66,T100Pts!BI$5:BN$44,(L66+1)),IF(J66="F",VLOOKUP(AA66,T100Pts!BU$5:BZ$44,(L66+1)),"")))) -> - | AD66: =IF($L66="X","-",IF(AC66="","-",IF(J66="M",VLOOKUP(AC66,T100Pts!A$5:I$1146,(L66+1)),IF(J66="F",VLOOKUP(AC66,T100Pts!K$5:S$1146,(L66+1)),"")))) -> - | AE66: =IF(OR(X66="X",Z66="X",AB66="X",AD66="X"),"NR",IF(AND(X66="-",Z66="-",AD66="-"),"-",IF(AB66="-",AVERAGE(IF(ISNUMBER(X66),X66),IF(ISNUMBER(Z66),Z66),IF(ISNUMBER(AD66),AD66)),AVERAGE(IF(ISNUMBER(X66),X66),IF(ISNUMBER(Z66),Z66),IF(ISNUMBER(AB66),AB66),IF(ISNUMBER(AD66),AD66))))) -> - | AF66: =IF(NOT(ISNUMBER(AE66)), "-", IF(AE66 < 70, "NA", "A")) -> - | AG66: =AVERAGE(U66,AE66) -> #DIV/0! | AH66: =IF(NOT(ISNUMBER(AG66)), "-", IF(AG66 < 70, "NA", "A")) -> - | AJ66: =IF(OR(B66="TG",B66="GD",B66="GB",B66="CY",B66="CR",B66="TC",B66="MY",B66="CT",B66="TP",B66="TP EC",B66="TT",B66="TT EC",B66="ST",B66="ST EC"),"Oficial",IF(OR(B66="VP",B66="VS",B66="VS EC"),"Vol",IF(B66="","","Subof")))
... A69: 56 | I69: =IF(OR(G69="",H69=""),"-",ROUND(G69/(H69^2),0)) -> - | J69: M | K69: =IF(F69>0,DATEDIF(F69,$L$1,"Y"),"-") -> - | L69: =IF(F69="","-",IF(K69<>"",VLOOKUP(K69,T100Pts!CH$4:CI$59,(2)))) -> - | N69: =IF($L69="X","-",IF(M69="","-",IF(J69="M",VLOOKUP(M69,T100Pts!U$5:AC$86,(L69+1)),IF(J69="F",VLOOKUP(M69,T100Pts!AE$5:AM$86,(L69+1)),"")))) -> - | P69: =IF($L69="X","-",IF(O69="","-",IF(J69="M",VLOOKUP(O69,T100Pts!AO$5:AW$126,(L69+1)),IF(J69="F",VLOOKUP(O69,T100Pts!AY$5:BG$126,(L69+1)),"")))) -> - | R69: =IF(OR($L69="X",$L69=6,$L69=7),"-",IF(Q69="","-",IF(J69="M",VLOOKUP(Q69,T100Pts!BI$5:BN$44,(L69+1)),IF(J69="F",VLOOKUP(Q69,T100Pts!BU$5:BZ$44,(L69+1)),"")))) -> - | T69: =IF($L69="X","-",IF(S69="","-",IF(J69="M",VLOOKUP(S69,T100Pts!A$5:I$1146,(L69+1)),IF(J69="F",VLOOKUP(S69,T100Pts!K$5:S$1147,(L69+1)),"")))) -> - | U69: =IF(OR(N69="X",P69="X",R69="X",T69="X"),"NR",IF(AND(N69="-",P69="-",T69="-"),"-",IF(R69="-",AVERAGE(IF(ISNUMBER(N69),N69),IF(ISNUMBER(P69),P69),IF(ISNUMBER(T69),T69)),AVERAGE(IF(ISNUMBER(N69),N69),IF(ISNUMBER(P69),P69),IF(ISNUMBER(R69),R69),IF(ISNUMBER(T69),T69))))) -> - | V69: =IF(NOT(ISNUMBER(U69)), "-", IF(U69 < 70, "NA", "A")) -> - | X69: =IF($L69="X","-",IF(W69="","-",IF(J69="M",VLOOKUP(W69,T100Pts!U$5:AC$86,(L69+1)),IF(J69="F",VLOOKUP(W69,T100Pts!AE$5:AM$86,(L69+1)),"")))) -> - | Z69: =IF($L69="X","-",IF(Y69="","-",IF(J69="M",VLOOKUP(Y69,T100Pts!AO$5:AW$126,(L69+1)),IF(J69="F",VLOOKUP(Y69,T100Pts!AY$5:BG$126,(L69+1)),"")))) -> - | AB69: =IF(OR($L69="X",$L69=6,$L69=7),"-",IF(AA69="","-",IF(J69="M",VLOOKUP(AA69,T100Pts!BI$5:BN$44,(L69+1)),IF(J69="F",VLOOKUP(AA69,T100Pts!BU$5:BZ$44,(L69+1)),"")))) -> - | AD69: =IF($L69="X","-",IF(AC69="","-",IF(J69="M",VLOOKUP(AC69,T100Pts!A$5:I$1146,(L69+1)),IF(J69="F",VLOOKUP(AC69,T100Pts!K$5:S$1146,(L69+1)),"")))) -> - | AE69: =IF(OR(X69="X",Z69="X",AB69="X",AD69="X"),"NR",IF(AND(X69="-",Z69="-",AD69="-"),"-",IF(AB69="-",AVERAGE(IF(ISNUMBER(X69),X69),IF(ISNUMBER(Z69),Z69),IF(ISNUMBER(AD69),AD69)),AVERAGE(IF(ISNUMBER(X69),X69),IF(ISNUMBER(Z69),Z69),IF(ISNUMBER(AB69),AB69),IF(ISNUMBER(AD69),AD69))))) -> - | AF69: =IF(NOT(ISNUMBER(AE69)), "-", IF(AE69 < 70, "NA", "A")) -> - | AG69: =AVERAGE(U69,AE69) -> #DIV/0! | AH69: =IF(NOT(ISNUMBER(AG69)), "-", IF(AG69 < 70, "NA", "A")) -> - | AJ69: =IF(OR(B69="TG",B69="GD",B69="GB",B69="CY",B69="CR",B69="TC",B69="MY",B69="CT",B69="TP",B69="TP EC",B69="TT",B69="TT EC",B69="ST",B69="ST EC"),"Oficial",IF(OR(B69="VP",B69="VS",B69="VS EC"),"Vol",IF(B69="","","Subof")))
A70: 57 | I70: =IF(OR(G70="",H70=""),"-",ROUND(G70/(H70^2),0)) -> - | J70: M | K70: =IF(F70>0,DATEDIF(F70,$L$1,"Y"),"-") -> - | L70: =IF(F70="","-",IF(K70<>"",VLOOKUP(K70,T100Pts!CH$4:CI$59,(2)))) -> - | N70: =IF($L70="X","-",IF(M70="","-",IF(J70="M",VLOOKUP(M70,T100Pts!U$5:AC$86,(L70+1)),IF(J70="F",VLOOKUP(M70,T100Pts!AE$5:AM$86,(L70+1)),"")))) -> - | P70: =IF($L70="X","-",IF(O70="","-",IF(J70="M",VLOOKUP(O70,T100Pts!AO$5:AW$126,(L70+1)),IF(J70="F",VLOOKUP(O70,T100Pts!AY$5:BG$126,(L70+1)),"")))) -> - | R70: =IF(OR($L70="X",$L70=6,$L70=7),"-",IF(Q70="","-",IF(J70="M",VLOOKUP(Q70,T100Pts!BI$5:BN$44,(L70+1)),IF(J70="F",VLOOKUP(Q70,T100Pts!BU$5:BZ$44,(L70+1)),"")))) -> - | T70: =IF($L70="X","-",IF(S70="","-",IF(J70="M",VLOOKUP(S70,T100Pts!A$5:I$1146,(L70+1)),IF(J70="F",VLOOKUP(S70,T100Pts!K$5:S$1147,(L70+1)),"")))) -> - | U70: =IF(OR(N70="X",P70="X",R70="X",T70="X"),"NR",IF(AND(N70="-",P70="-",T70="-"),"-",IF(R70="-",AVERAGE(IF(ISNUMBER(N70),N70),IF(ISNUMBER(P70),P70),IF(ISNUMBER(T70),T70)),AVERAGE(IF(ISNUMBER(N70),N70),IF(ISNUMBER(P70),P70),IF(ISNUMBER(R70),R70),IF(ISNUMBER(T70),T70))))) -> - | V70: =IF(NOT(ISNUMBER(U70)), "-", IF(U70 < 70, "NA", "A")) -> - | X70: =IF($L70="X","-",IF(W70="","-",IF(J70="M",VLOOKUP(W70,T100Pts!U$5:AC$86,(L70+1)),IF(J70="F",VLOOKUP(W70,T100Pts!AE$5:AM$86,(L70+1)),"")))) -> - | Z70: =IF($L70="X","-",IF(Y70="","-",IF(J70="M",VLOOKUP(Y70,T100Pts!AO$5:AW$126,(L70+1)),IF(J70="F",VLOOKUP(Y70,T100Pts!AY$5:BG$126,(L70+1)),"")))) -> - | AB70: =IF(OR($L70="X",$L70=6,$L70=7),"-",IF(AA70="","-",IF(J70="M",VLOOKUP(AA70,T100Pts!BI$5:BN$44,(L70+1)),IF(J70="F",VLOOKUP(AA70,T100Pts!BU$5:BZ$44,(L70+1)),"")))) -> - | AD70: =IF($L70="X","-",IF(AC70="","-",IF(J70="M",VLOOKUP(AC70,T100Pts!A$5:I$1146,(L70+1)),IF(J70="F",VLOOKUP(AC70,T100Pts!K$5:S$1146,(L70+1)),"")))) -> - | AE70: =IF(OR(X70="X",Z70="X",AB70="X",AD70="X"),"NR",IF(AND(X70="-",Z70="-",AD70="-"),"-",IF(AB70="-",AVERAGE(IF(ISNUMBER(X70),X70),IF(ISNUMBER(Z70),Z70),IF(ISNUMBER(AD70),AD70)),AVERAGE(IF(ISNUMBER(X70),X70),IF(ISNUMBER(Z70),Z70),IF(ISNUMBER(AB70),AB70),IF(ISNUMBER(AD70),AD70))))) -> - | AF70: =IF(NOT(ISNUMBER(AE70)), "-", IF(AE70 < 70, "NA", "A")) -> - | AG70: =AVERAGE(U70,AE70) -> #DIV/0! | AH70: =IF(NOT(ISNUMBER(AG70)), "-", IF(AG70 < 70, "NA", "A")) -> - | AI70: IJM | AJ70: =IF(OR(B70="TG",B70="GD",B70="GB",B70="CY",B70="CR",B70="TC",B70="MY",B70="CT",B70="TP",B70="TP EC",B70="TT",B70="TT EC",B70="ST",B70="ST EC"),"Oficial",IF(OR(B70="VP",B70="VS",B70="VS EC"),"Vol",IF(B70="","","Subof")))
A71: 58 | I71: =IF(OR(G71="",H71=""),"-",ROUND(G71/(H71^2),0)) -> - | J71: M | K71: =IF(F71>0,DATEDIF(F71,$L$1,"Y"),"-") -> - | L71: =IF(F71="","-",IF(K71<>"",VLOOKUP(K71,T100Pts!CH$4:CI$59,(2)))) -> - | N71: =IF($L71="X","-",IF(M71="","-",IF(J71="M",VLOOKUP(M71,T100Pts!U$5:AC$86,(L71+1)),IF(J71="F",VLOOKUP(M71,T100Pts!AE$5:AM$86,(L71+1)),"")))) -> - | P71: =IF($L71="X","-",IF(O71="","-",IF(J71="M",VLOOKUP(O71,T100Pts!AO$5:AW$126,(L71+1)),IF(J71="F",VLOOKUP(O71,T100Pts!AY$5:BG$126,(L71+1)),"")))) -> - | R71: =IF(OR($L71="X",$L71=6,$L71=7),"-",IF(Q71="","-",IF(J71="M",VLOOKUP(Q71,T100Pts!BI$5:BN$44,(L71+1)),IF(J71="F",VLOOKUP(Q71,T100Pts!BU$5:BZ$44,(L71+1)),"")))) -> - | T71: =IF($L71="X","-",IF(S71="","-",IF(J71="M",VLOOKUP(S71,T100Pts!A$5:I$1146,(L71+1)),IF(J71="F",VLOOKUP(S71,T100Pts!K$5:S$1147,(L71+1)),"")))) -> - | U71: =IF(OR(N71="X",P71="X",R71="X",T71="X"),"NR",IF(AND(N71="-",P71="-",T71="-"),"-",IF(R71="-",AVERAGE(IF(ISNUMBER(N71),N71),IF(ISNUMBER(P71),P71),IF(ISNUMBER(T71),T71)),AVERAGE(IF(ISNUMBER(N71),N71),IF(ISNUMBER(P71),P71),IF(ISNUMBER(R71),R71),IF(ISNUMBER(T71),T71))))) -> - | V71: =IF(NOT(ISNUMBER(U71)), "-", IF(U71 < 70, "NA", "A")) -> - | X71: =IF($L71="X","-",IF(W71="","-",IF(J71="M",VLOOKUP(W71,T100Pts!U$5:AC$86,(L71+1)),IF(J71="F",VLOOKUP(W71,T100Pts!AE$5:AM$86,(L71+1)),"")))) -> - | Z71: =IF($L71="X","-",IF(Y71="","-",IF(J71="M",VLOOKUP(Y71,T100Pts!AO$5:AW$126,(L71+1)),IF(J71="F",VLOOKUP(Y71,T100Pts!AY$5:BG$126,(L71+1)),"")))) -> - | AB71: =IF(OR($L71="X",$L71=6,$L71=7),"-",IF(AA71="","-",IF(J71="M",VLOOKUP(AA71,T100Pts!BI$5:BN$44,(L71+1)),IF(J71="F",VLOOKUP(AA71,T100Pts!BU$5:BZ$44,(L71+1)),"")))) -> - | AD71: =IF($L71="X","-",IF(AC71="","-",IF(J71="M",VLOOKUP(AC71,T100Pts!A$5:I$1146,(L71+1)),IF(J71="F",VLOOKUP(AC71,T100Pts!K$5:S$1146,(L71+1)),"")))) -> - | AE71: =IF(OR(X71="X",Z71="X",AB71="X",AD71="X"),"NR",IF(AND(X71="-",Z71="-",AD71="-"),"-",IF(AB71="-",AVERAGE(IF(ISNUMBER(X71),X71),IF(ISNUMBER(Z71),Z71),IF(ISNUMBER(AD71),AD71)),AVERAGE(IF(ISNUMBER(X71),X71),IF(ISNUMBER(Z71),Z71),IF(ISNUMBER(AB71),AB71),IF(ISNUMBER(AD71),AD71))))) -> - | AF71: =IF(NOT(ISNUMBER(AE71)), "-", IF(AE71 < 70, "NA", "A")) -> - | AG71: =AVERAGE(U71,AE71) -> #DIV/0! | AH71: =IF(NOT(ISNUMBER(AG71)), "-", IF(AG71 < 70, "NA", "A")) -> - | AJ71: =IF(OR(B71="TG",B71="GD",B71="GB",B71="CY",B71="CR",B71="TC",B71="MY",B71="CT",B71="TP",B71="TP EC",B71="TT",B71="TT EC",B71="ST",B71="ST EC"),"Oficial",IF(OR(B71="VP",B71="VS",B71="VS EC"),"Vol",IF(B71="","","Subof")))
A72: 59 | I72: =IF(OR(G72="",H72=""),"-",ROUND(G72/(H72^2),0)) -> - | J72: M | K72: =IF(F72>0,DATEDIF(F72,$L$1,"Y"),"-") -> - | L72: =IF(F72="","-",IF(K72<>"",VLOOKUP(K72,T100Pts!CH$4:CI$59,(2)))) -> - | N72: =IF($L72="X","-",IF(M72="","-",IF(J72="M",VLOOKUP(M72,T100Pts!U$5:AC$86,(L72+1)),IF(J72="F",VLOOKUP(M72,T100Pts!AE$5:AM$86,(L72+1)),"")))) -> - | P72: =IF($L72="X","-",IF(O72="","-",IF(J72="M",VLOOKUP(O72,T100Pts!AO$5:AW$126,(L72+1)),IF(J72="F",VLOOKUP(O72,T100Pts!AY$5:BG$126,(L72+1)),"")))) -> - | R72: =IF(OR($L72="X",$L72=6,$L72=7),"-",IF(Q72="","-",IF(J72="M",VLOOKUP(Q72,T100Pts!BI$5:BN$44,(L72+1)),IF(J72="F",VLOOKUP(Q72,T100Pts!BU$5:BZ$44,(L72+1)),"")))) -> - | T72: =IF($L72="X","-",IF(S72="","-",IF(J72="M",VLOOKUP(S72,T100Pts!A$5:I$1146,(L72+1)),IF(J72="F",VLOOKUP(S72,T100Pts!K$5:S$1147,(L72+1)),"")))) -> - | U72: =IF(OR(N72="X",P72="X",R72="X",T72="X"),"NR",IF(AND(N72="-",P72="-",T72="-"),"-",IF(R72="-",AVERAGE(IF(ISNUMBER(N72),N72),IF(ISNUMBER(P72),P72),IF(ISNUMBER(T72),T72)),AVERAGE(IF(ISNUMBER(N72),N72),IF(ISNUMBER(P72),P72),IF(ISNUMBER(R72),R72),IF(ISNUMBER(T72),T72))))) -> - | V72: =IF(NOT(ISNUMBER(U72)), "-", IF(U72 < 70, "NA", "A")) -> - | X72: =IF($L72="X","-",IF(W72="","-",IF(J72="M",VLOOKUP(W72,T100Pts!U$5:AC$86,(L72+1)),IF(J72="F",VLOOKUP(W72,T100Pts!AE$5:AM$86,(L72+1)),"")))) -> - | Z72: =IF($L72="X","-",IF(Y72="","-",IF(J72="M",VLOOKUP(Y72,T100Pts!AO$5:AW$126,(L72+1)),IF(J72="F",VLOOKUP(Y72,T100Pts!AY$5:BG$126,(L72+1)),"")))) -> - | AB72: =IF(OR($L72="X",$L72=6,$L72=7),"-",IF(AA72="","-",IF(J72="M",VLOOKUP(AA72,T100Pts!BI$5:BN$44,(L72+1)),IF(J72="F",VLOOKUP(AA72,T100Pts!BU$5:BZ$44,(L72+1)),"")))) -> - | AD72: =IF($L72="X","-",IF(AC72="","-",IF(J72="M",VLOOKUP(AC72,T100Pts!A$5:I$1146,(L72+1)),IF(J72="F",VLOOKUP(AC72,T100Pts!K$5:S$1146,(L72+1)),"")))) -> - | AE72: =IF(OR(X72="X",Z72="X",AB72="X",AD72="X"),"NR",IF(AND(X72="-",Z72="-",AD72="-"),"-",IF(AB72="-",AVERAGE(IF(ISNUMBER(X72),X72),IF(ISNUMBER(Z72),Z72),IF(ISNUMBER(AD72),AD72)),AVERAGE(IF(ISNUMBER(X72),X72),IF(ISNUMBER(Z72),Z72),IF(ISNUMBER(AB72),AB72),IF(ISNUMBER(AD72),AD72))))) -> - | AF72: =IF(NOT(ISNUMBER(AE72)), "-", IF(AE72 < 70, "NA", "A")) -> - | AG72: =AVERAGE(U72,AE72) -> #DIV/0! | AH72: =IF(NOT(ISNUMBER(AG72)), "-", IF(AG72 < 70, "NA", "A")) -> - | AJ72: =IF(OR(B72="TG",B72="GD",B72="GB",B72="CY",B72="CR",B72="TC",B72="MY",B72="CT",B72="TP",B72="TP EC",B72="TT",B72="TT EC",B72="ST",B72="ST EC"),"Oficial",IF(OR(B72="VP",B72="VS",B72="VS EC"),"Vol",IF(B72="","","Subof")))
A73: 60 | I73: =IF(OR(G73="",H73=""),"-",ROUND(G73/(H73^2),0)) -> - | J73: M | K73: =IF(F73>0,DATEDIF(F73,$L$1,"Y"),"-") -> - | L73: =IF(F73="","-",IF(K73<>"",VLOOKUP(K73,T100Pts!CH$4:CI$59,(2)))) -> - | N73: =IF($L73="X","-",IF(M73="","-",IF(J73="M",VLOOKUP(M73,T100Pts!U$5:AC$86,(L73+1)),IF(J73="F",VLOOKUP(M73,T100Pts!AE$5:AM$86,(L73+1)),"")))) -> - | P73: =IF($L73="X","-",IF(O73="","-",IF(J73="M",VLOOKUP(O73,T100Pts!AO$5:AW$126,(L73+1)),IF(J73="F",VLOOKUP(O73,T100Pts!AY$5:BG$126,(L73+1)),"")))) -> - | R73: =IF(OR($L73="X",$L73=6,$L73=7),"-",IF(Q73="","-",IF(J73="M",VLOOKUP(Q73,T100Pts!BI$5:BN$44,(L73+1)),IF(J73="F",VLOOKUP(Q73,T100Pts!BU$5:BZ$44,(L73+1)),"")))) -> - | T73: =IF($L73="X","-",IF(S73="","-",IF(J73="M",VLOOKUP(S73,T100Pts!A$5:I$1146,(L73+1)),IF(J73="F",VLOOKUP(S73,T100Pts!K$5:S$1147,(L73+1)),"")))) -> - | U73: =IF(OR(N73="X",P73="X",R73="X",T73="X"),"NR",IF(AND(N73="-",P73="-",T73="-"),"-",IF(R73="-",AVERAGE(IF(ISNUMBER(N73),N73),IF(ISNUMBER(P73),P73),IF(ISNUMBER(T73),T73)),AVERAGE(IF(ISNUMBER(N73),N73),IF(ISNUMBER(P73),P73),IF(ISNUMBER(R73),R73),IF(ISNUMBER(T73),T73))))) -> - | V73: =IF(NOT(ISNUMBER(U73)), "-", IF(U73 < 70, "NA", "A")) -> - | X73: =IF($L73="X","-",IF(W73="","-",IF(J73="M",VLOOKUP(W73,T100Pts!U$5:AC$86,(L73+1)),IF(J73="F",VLOOKUP(W73,T100Pts!AE$5:AM$86,(L73+1)),"")))) -> - | Z73: =IF($L73="X","-",IF(Y73="","-",IF(J73="M",VLOOKUP(Y73,T100Pts!AO$5:AW$126,(L73+1)),IF(J73="F",VLOOKUP(Y73,T100Pts!AY$5:BG$126,(L73+1)),"")))) -> - | AB73: =IF(OR($L73="X",$L73=6,$L73=7),"-",IF(AA73="","-",IF(J73="M",VLOOKUP(AA73,T100Pts!BI$5:BN$44,(L73+1)),IF(J73="F",VLOOKUP(AA73,T100Pts!BU$5:BZ$44,(L73+1)),"")))) -> - | AD73: =IF($L73="X","-",IF(AC73="","-",IF(J73="M",VLOOKUP(AC73,T100Pts!A$5:I$1146,(L73+1)),IF(J73="F",VLOOKUP(AC73,T100Pts!K$5:S$1146,(L73+1)),"")))) -> - | AE73: =IF(OR(X73="X",Z73="X",AB73="X",AD73="X"),"NR",IF(AND(X73="-",Z73="-",AD73="-"),"-",IF(AB73="-",AVERAGE(IF(ISNUMBER(X73),X73),IF(ISNUMBER(Z73),Z73),IF(ISNUMBER(AD73),AD73)),AVERAGE(IF(ISNUMBER(X73),X73),IF(ISNUMBER(Z73),Z73),IF(ISNUMBER(AB73),AB73),IF(ISNUMBER(AD73),AD73))))) -> - | AF73: =IF(NOT(ISNUMBER(AE73)), "-", IF(AE73 < 70, "NA", "A")) -> - | AG73: =AVERAGE(U73,AE73) -> #DIV/0! | AH73: =IF(NOT(ISNUMBER(AG73)), "-", IF(AG73 < 70, "NA", "A")) -> - | AI73: DAF 5% CIE: E66 | AJ73: =IF(OR(B73="TG",B73="GD",B73="GB",B73="CY",B73="CR",B73="TC",B73="MY",B73="CT",B73="TP",B73="TP EC",B73="TT",B73="TT EC",B73="ST",B73="ST EC"),"Oficial",IF(OR(B73="VP",B73="VS",B73="VS EC"),"Vol",IF(B73="","","Subof")))
A74: 61 | I74: =IF(OR(G74="",H74=""),"-",ROUND(G74/(H74^2),0)) -> - | J74: M | K74: =IF(F74>0,DATEDIF(F74,$L$1,"Y"),"-") -> - | L74: =IF(F74="","-",IF(K74<>"",VLOOKUP(K74,T100Pts!CH$4:CI$59,(2)))) -> - | N74: =IF($L74="X","-",IF(M74="","-",IF(J74="M",VLOOKUP(M74,T100Pts!U$5:AC$86,(L74+1)),IF(J74="F",VLOOKUP(M74,T100Pts!AE$5:AM$86,(L74+1)),"")))) -> - | P74: =IF($L74="X","-",IF(O74="","-",IF(J74="M",VLOOKUP(O74,T100Pts!AO$5:AW$126,(L74+1)),IF(J74="F",VLOOKUP(O74,T100Pts!AY$5:BG$126,(L74+1)),"")))) -> - | R74: =IF(OR($L74="X",$L74=6,$L74=7),"-",IF(Q74="","-",IF(J74="M",VLOOKUP(Q74,T100Pts!BI$5:BN$44,(L74+1)),IF(J74="F",VLOOKUP(Q74,T100Pts!BU$5:BZ$44,(L74+1)),"")))) -> - | T74: =IF($L74="X","-",IF(S74="","-",IF(J74="M",VLOOKUP(S74,T100Pts!A$5:I$1146,(L74+1)),IF(J74="F",VLOOKUP(S74,T100Pts!K$5:S$1147,(L74+1)),"")))) -> - | U74: =IF(OR(N74="X",P74="X",R74="X",T74="X"),"NR",IF(AND(N74="-",P74="-",T74="-"),"-",IF(R74="-",AVERAGE(IF(ISNUMBER(N74),N74),IF(ISNUMBER(P74),P74),IF(ISNUMBER(T74),T74)),AVERAGE(IF(ISNUMBER(N74),N74),IF(ISNUMBER(P74),P74),IF(ISNUMBER(R74),R74),IF(ISNUMBER(T74),T74))))) -> - | V74: =IF(NOT(ISNUMBER(U74)), "-", IF(U74 < 70, "NA", "A")) -> - | X74: =IF($L74="X","-",IF(W74="","-",IF(J74="M",VLOOKUP(W74,T100Pts!U$5:AC$86,(L74+1)),IF(J74="F",VLOOKUP(W74,T100Pts!AE$5:AM$86,(L74+1)),"")))) -> - | Z74: =IF($L74="X","-",IF(Y74="","-",IF(J74="M",VLOOKUP(Y74,T100Pts!AO$5:AW$126,(L74+1)),IF(J74="F",VLOOKUP(Y74,T100Pts!AY$5:BG$126,(L74+1)),"")))) -> - | AB74: =IF(OR($L74="X",$L74=6,$L74=7),"-",IF(AA74="","-",IF(J74="M",VLOOKUP(AA74,T100Pts!BI$5:BN$44,(L74+1)),IF(J74="F",VLOOKUP(AA74,T100Pts!BU$5:BZ$44,(L74+1)),"")))) -> - | AD74: =IF($L74="X","-",IF(AC74="","-",IF(J74="M",VLOOKUP(AC74,T100Pts!A$5:I$1146,(L74+1)),IF(J74="F",VLOOKUP(AC74,T100Pts!K$5:S$1146,(L74+1)),"")))) -> - | AE74: =IF(OR(X74="X",Z74="X",AB74="X",AD74="X"),"NR",IF(AND(X74="-",Z74="-",AD74="-"),"-",IF(AB74="-",AVERAGE(IF(ISNUMBER(X74),X74),IF(ISNUMBER(Z74),Z74),IF(ISNUMBER(AD74),AD74)),AVERAGE(IF(ISNUMBER(X74),X74),IF(ISNUMBER(Z74),Z74),IF(ISNUMBER(AB74),AB74),IF(ISNUMBER(AD74),AD74))))) -> - | AF74: =IF(NOT(ISNUMBER(AE74)), "-", IF(AE74 < 70, "NA", "A")) -> - | AG74: =AVERAGE(U74,AE74) -> #DIV/0! | AH74: =IF(NOT(ISNUMBER(AG74)), "-", IF(AG74 < 70, "NA", "A")) -> - | AJ74: =IF(OR(B74="TG",B74="GD",B74="GB",B74="CY",B74="CR",B74="TC",B74="MY",B74="CT",B74="TP",B74="TP EC",B74="TT",B74="TT EC",B74="ST",B74="ST EC"),"Oficial",IF(OR(B74="VP",B74="VS",B74="VS EC"),"Vol",IF(B74="","","Subof")))
A75: 62 | I75: =IF(OR(G75="",H75=""),"-",ROUND(G75/(H75^2),0)) -> - | J75: M | K75: =IF(F75>0,DATEDIF(F75,$L$1,"Y"),"-") -> - | L75: =IF(F75="","-",IF(K75<>"",VLOOKUP(K75,T100Pts!CH$4:CI$59,(2)))) -> - | N75: =IF($L75="X","-",IF(M75="","-",IF(J75="M",VLOOKUP(M75,T100Pts!U$5:AC$86,(L75+1)),IF(J75="F",VLOOKUP(M75,T100Pts!AE$5:AM$86,(L75+1)),"")))) -> - | P75: =IF($L75="X","-",IF(O75="","-",IF(J75="M",VLOOKUP(O75,T100Pts!AO$5:AW$126,(L75+1)),IF(J75="F",VLOOKUP(O75,T100Pts!AY$5:BG$126,(L75+1)),"")))) -> - | R75: =IF(OR($L75="X",$L75=6,$L75=7),"-",IF(Q75="","-",IF(J75="M",VLOOKUP(Q75,T100Pts!BI$5:BN$44,(L75+1)),IF(J75="F",VLOOKUP(Q75,T100Pts!BU$5:BZ$44,(L75+1)),"")))) -> - | T75: =IF($L75="X","-",IF(S75="","-",IF(J75="M",VLOOKUP(S75,T100Pts!A$5:I$1146,(L75+1)),IF(J75="F",VLOOKUP(S75,T100Pts!K$5:S$1147,(L75+1)),"")))) -> - | U75: =IF(OR(N75="X",P75="X",R75="X",T75="X"),"NR",IF(AND(N75="-",P75="-",T75="-"),"-",IF(R75="-",AVERAGE(IF(ISNUMBER(N75),N75),IF(ISNUMBER(P75),P75),IF(ISNUMBER(T75),T75)),AVERAGE(IF(ISNUMBER(N75),N75),IF(ISNUMBER(P75),P75),IF(ISNUMBER(R75),R75),IF(ISNUMBER(T75),T75))))) -> - | V75: =IF(NOT(ISNUMBER(U75)), "-", IF(U75 < 70, "NA", "A")) -> - | X75: =IF($L75="X","-",IF(W75="","-",IF(J75="M",VLOOKUP(W75,T100Pts!U$5:AC$86,(L75+1)),IF(J75="F",VLOOKUP(W75,T100Pts!AE$5:AM$86,(L75+1)),"")))) -> - | Z75: =IF($L75="X","-",IF(Y75="","-",IF(J75="M",VLOOKUP(Y75,T100Pts!AO$5:AW$126,(L75+1)),IF(J75="F",VLOOKUP(Y75,T100Pts!AY$5:BG$126,(L75+1)),"")))) -> - | AB75: =IF(OR($L75="X",$L75=6,$L75=7),"-",IF(AA75="","-",IF(J75="M",VLOOKUP(AA75,T100Pts!BI$5:BN$44,(L75+1)),IF(J75="F",VLOOKUP(AA75,T100Pts!BU$5:BZ$44,(L75+1)),"")))) -> - | AD75: =IF($L75="X","-",IF(AC75="","-",IF(J75="M",VLOOKUP(AC75,T100Pts!A$5:I$1146,(L75+1)),IF(J75="F",VLOOKUP(AC75,T100Pts!K$5:S$1146,(L75+1)),"")))) -> - | AE75: =IF(OR(X75="X",Z75="X",AB75="X",AD75="X"),"NR",IF(AND(X75="-",Z75="-",AD75="-"),"-",IF(AB75="-",AVERAGE(IF(ISNUMBER(X75),X75),IF(ISNUMBER(Z75),Z75),IF(ISNUMBER(AD75),AD75)),AVERAGE(IF(ISNUMBER(X75),X75),IF(ISNUMBER(Z75),Z75),IF(ISNUMBER(AB75),AB75),IF(ISNUMBER(AD75),AD75))))) -> - | AF75: =IF(NOT(ISNUMBER(AE75)), "-", IF(AE75 < 70, "NA", "A")) -> - | AG75: =AVERAGE(U75,AE75) -> #DIV/0! | AH75: =IF(NOT(ISNUMBER(AG75)), "-", IF(AG75 < 70, "NA", "A")) -> - | AJ75: =IF(OR(B75="TG",B75="GD",B75="GB",B75="CY",B75="CR",B75="TC",B75="MY",B75="CT",B75="TP",B75="TP EC",B75="TT",B75="TT EC",B75="ST",B75="ST EC"),"Oficial",IF(OR(B75="VP",B75="VS",B75="VS EC"),"Vol",IF(B75="","","Subof")))
A76: 63 | I76: =IF(OR(G76="",H76=""),"-",ROUND(G76/(H76^2),0)) -> - | J76: M | K76: =IF(F76>0,DATEDIF(F76,$L$1,"Y"),"-") -> - | L76: =IF(F76="","-",IF(K76<>"",VLOOKUP(K76,T100Pts!CH$4:CI$59,(2)))) -> - | N76: =IF($L76="X","-",IF(M76="","-",IF(J76="M",VLOOKUP(M76,T100Pts!U$5:AC$86,(L76+1)),IF(J76="F",VLOOKUP(M76,T100Pts!AE$5:AM$86,(L76+1)),"")))) -> - | P76: =IF($L76="X","-",IF(O76="","-",IF(J76="M",VLOOKUP(O76,T100Pts!AO$5:AW$126,(L76+1)),IF(J76="F",VLOOKUP(O76,T100Pts!AY$5:BG$126,(L76+1)),"")))) -> - | R76: =IF(OR($L76="X",$L76=6,$L76=7),"-",IF(Q76="","-",IF(J76="M",VLOOKUP(Q76,T100Pts!BI$5:BN$44,(L76+1)),IF(J76="F",VLOOKUP(Q76,T100Pts!BU$5:BZ$44,(L76+1)),"")))) -> - | T76: =IF($L76="X","-",IF(S76="","-",IF(J76="M",VLOOKUP(S76,T100Pts!A$5:I$1146,(L76+1)),IF(J76="F",VLOOKUP(S76,T100Pts!K$5:S$1147,(L76+1)),"")))) -> - | U76: =IF(OR(N76="X",P76="X",R76="X",T76="X"),"NR",IF(AND(N76="-",P76="-",T76="-"),"-",IF(R76="-",AVERAGE(IF(ISNUMBER(N76),N76),IF(ISNUMBER(P76),P76),IF(ISNUMBER(T76),T76)),AVERAGE(IF(ISNUMBER(N76),N76),IF(ISNUMBER(P76),P76),IF(ISNUMBER(R76),R76),IF(ISNUMBER(T76),T76))))) -> - | V76: =IF(NOT(ISNUMBER(U76)), "-", IF(U76 < 70, "NA", "A")) -> - | X76: =IF($L76="X","-",IF(W76="","-",IF(J76="M",VLOOKUP(W76,T100Pts!U$5:AC$86,(L76+1)),IF(J76="F",VLOOKUP(W76,T100Pts!AE$5:AM$86,(L76+1)),"")))) -> - | Z76: =IF($L76="X","-",IF(Y76="","-",IF(J76="M",VLOOKUP(Y76,T100Pts!AO$5:AW$126,(L76+1)),IF(J76="F",VLOOKUP(Y76,T100Pts!AY$5:BG$126,(L76+1)),"")))) -> - | AB76: =IF(OR($L76="X",$L76=6,$L76=7),"-",IF(AA76="","-",IF(J76="M",VLOOKUP(AA76,T100Pts!BI$5:BN$44,(L76+1)),IF(J76="F",VLOOKUP(AA76,T100Pts!BU$5:BZ$44,(L76+1)),"")))) -> - | AD76: =IF($L76="X","-",IF(AC76="","-",IF(J76="M",VLOOKUP(AC76,T100Pts!A$5:I$1146,(L76+1)),IF(J76="F",VLOOKUP(AC76,T100Pts!K$5:S$1146,(L76+1)),"")))) -> - | AE76: =IF(OR(X76="X",Z76="X",AB76="X",AD76="X"),"NR",IF(AND(X76="-",Z76="-",AD76="-"),"-",IF(AB76="-",AVERAGE(IF(ISNUMBER(X76),X76),IF(ISNUMBER(Z76),Z76),IF(ISNUMBER(AD76),AD76)),AVERAGE(IF(ISNUMBER(X76),X76),IF(ISNUMBER(Z76),Z76),IF(ISNUMBER(AB76),AB76),IF(ISNUMBER(AD76),AD76))))) -> - | AF76: =IF(NOT(ISNUMBER(AE76)), "-", IF(AE76 < 70, "NA", "A")) -> - | AG76: =AVERAGE(U76,AE76) -> #DIV/0! | AH76: =IF(NOT(ISNUMBER(AG76)), "-", IF(AG76 < 70, "NA", "A")) -> - | AJ76: =IF(OR(B76="TG",B76="GD",B76="GB",B76="CY",B76="CR",B76="TC",B76="MY",B76="CT",B76="TP",B76="TP EC",B76="TT",B76="TT EC",B76="ST",B76="ST EC"),"Oficial",IF(OR(B76="VP",B76="VS",B76="VS EC"),"Vol",IF(B76="","","Subof")))
A77: 64 | I77: =IF(OR(G77="",H77=""),"-",ROUND(G77/(H77^2),0)) -> - | J77: M | K77: =IF(F77>0,DATEDIF(F77,$L$1,"Y"),"-") -> - | L77: =IF(F77="","-",IF(K77<>"",VLOOKUP(K77,T100Pts!CH$4:CI$59,(2)))) -> - | N77: =IF($L77="X","-",IF(M77="","-",IF(J77="M",VLOOKUP(M77,T100Pts!U$5:AC$86,(L77+1)),IF(J77="F",VLOOKUP(M77,T100Pts!AE$5:AM$86,(L77+1)),"")))) -> - | P77: =IF($L77="X","-",IF(O77="","-",IF(J77="M",VLOOKUP(O77,T100Pts!AO$5:AW$126,(L77+1)),IF(J77="F",VLOOKUP(O77,T100Pts!AY$5:BG$126,(L77+1)),"")))) -> - | R77: =IF(OR($L77="X",$L77=6,$L77=7),"-",IF(Q77="","-",IF(J77="M",VLOOKUP(Q77,T100Pts!BI$5:BN$44,(L77+1)),IF(J77="F",VLOOKUP(Q77,T100Pts!BU$5:BZ$44,(L77+1)),"")))) -> - | T77: =IF($L77="X","-",IF(S77="","-",IF(J77="M",VLOOKUP(S77,T100Pts!A$5:I$1146,(L77+1)),IF(J77="F",VLOOKUP(S77,T100Pts!K$5:S$1147,(L77+1)),"")))) -> - | U77: =IF(OR(N77="X",P77="X",R77="X",T77="X"),"NR",IF(AND(N77="-",P77="-",T77="-"),"-",IF(R77="-",AVERAGE(IF(ISNUMBER(N77),N77),IF(ISNUMBER(P77),P77),IF(ISNUMBER(T77),T77)),AVERAGE(IF(ISNUMBER(N77),N77),IF(ISNUMBER(P77),P77),IF(ISNUMBER(R77),R77),IF(ISNUMBER(T77),T77))))) -> - | V77: =IF(NOT(ISNUMBER(U77)), "-", IF(U77 < 70, "NA", "A")) -> - | X77: =IF($L77="X","-",IF(W77="","-",IF(J77="M",VLOOKUP(W77,T100Pts!U$5:AC$86,(L77+1)),IF(J77="F",VLOOKUP(W77,T100Pts!AE$5:AM$86,(L77+1)),"")))) -> - | Z77: =IF($L77="X","-",IF(Y77="","-",IF(J77="M",VLOOKUP(Y77,T100Pts!AO$5:AW$126,(L77+1)),IF(J77="F",VLOOKUP(Y77,T100Pts!AY$5:BG$126,(L77+1)),"")))) -> - | AB77: =IF(OR($L77="X",$L77=6,$L77=7),"-",IF(AA77="","-",IF(J77="M",VLOOKUP(AA77,T100Pts!BI$5:BN$44,(L77+1)),IF(J77="F",VLOOKUP(AA77,T100Pts!BU$5:BZ$44,(L77+1)),"")))) -> - | AD77: =IF($L77="X","-",IF(AC77="","-",IF(J77="M",VLOOKUP(AC77,T100Pts!A$5:I$1146,(L77+1)),IF(J77="F",VLOOKUP(AC77,T100Pts!K$5:S$1146,(L77+1)),"")))) -> - | AE77: =IF(OR(X77="X",Z77="X",AB77="X",AD77="X"),"NR",IF(AND(X77="-",Z77="-",AD77="-"),"-",IF(AB77="-",AVERAGE(IF(ISNUMBER(X77),X77),IF(ISNUMBER(Z77),Z77),IF(ISNUMBER(AD77),AD77)),AVERAGE(IF(ISNUMBER(X77),X77),IF(ISNUMBER(Z77),Z77),IF(ISNUMBER(AB77),AB77),IF(ISNUMBER(AD77),AD77))))) -> - | AF77: =IF(NOT(ISNUMBER(AE77)), "-", IF(AE77 < 70, "NA", "A")) -> - | AG77: =AVERAGE(U77,AE77) -> #DIV/0! | AH77: =IF(NOT(ISNUMBER(AG77)), "-", IF(AG77 < 70, "NA", "A")) -> - | AJ77: =IF(OR(B77="TG",B77="GD",B77="GB",B77="CY",B77="CR",B77="TC",B77="MY",B77="CT",B77="TP",B77="TP EC",B77="TT",B77="TT EC",B77="ST",B77="ST EC"),"Oficial",IF(OR(B77="VP",B77="VS",B77="VS EC"),"Vol",IF(B77="","","Subof")))
A78: 65 | I78: =IF(OR(G78="",H78=""),"-",ROUND(G78/(H78^2),0)) -> - | J78: M | K78: =IF(F78>0,DATEDIF(F78,$L$1,"Y"),"-") -> - | L78: =IF(F78="","-",IF(K78<>"",VLOOKUP(K78,T100Pts!CH$4:CI$59,(2)))) -> - | N78: =IF($L78="X","-",IF(M78="","-",IF(J78="M",VLOOKUP(M78,T100Pts!U$5:AC$86,(L78+1)),IF(J78="F",VLOOKUP(M78,T100Pts!AE$5:AM$86,(L78+1)),"")))) -> - | P78: =IF($L78="X","-",IF(O78="","-",IF(J78="M",VLOOKUP(O78,T100Pts!AO$5:AW$126,(L78+1)),IF(J78="F",VLOOKUP(O78,T100Pts!AY$5:BG$126,(L78+1)),"")))) -> - | R78: =IF(OR($L78="X",$L78=6,$L78=7),"-",IF(Q78="","-",IF(J78="M",VLOOKUP(Q78,T100Pts!BI$5:BN$44,(L78+1)),IF(J78="F",VLOOKUP(Q78,T100Pts!BU$5:BZ$44,(L78+1)),"")))) -> - | T78: =IF($L78="X","-",IF(S78="","-",IF(J78="M",VLOOKUP(S78,T100Pts!A$5:I$1146,(L78+1)),IF(J78="F",VLOOKUP(S78,T100Pts!K$5:S$1147,(L78+1)),"")))) -> - | U78: =IF(OR(N78="X",P78="X",R78="X",T78="X"),"NR",IF(AND(N78="-",P78="-",T78="-"),"-",IF(R78="-",AVERAGE(IF(ISNUMBER(N78),N78),IF(ISNUMBER(P78),P78),IF(ISNUMBER(T78),T78)),AVERAGE(IF(ISNUMBER(N78),N78),IF(ISNUMBER(P78),P78),IF(ISNUMBER(R78),R78),IF(ISNUMBER(T78),T78))))) -> - | V78: =IF(NOT(ISNUMBER(U78)), "-", IF(U78 < 70, "NA", "A")) -> - | X78: =IF($L78="X","-",IF(W78="","-",IF(J78="M",VLOOKUP(W78,T100Pts!U$5:AC$86,(L78+1)),IF(J78="F",VLOOKUP(W78,T100Pts!AE$5:AM$86,(L78+1)),"")))) -> - | Z78: =IF($L78="X","-",IF(Y78="","-",IF(J78="M",VLOOKUP(Y78,T100Pts!AO$5:AW$126,(L78+1)),IF(J78="F",VLOOKUP(Y78,T100Pts!AY$5:BG$126,(L78+1)),"")))) -> - | AB78: =IF(OR($L78="X",$L78=6,$L78=7),"-",IF(AA78="","-",IF(J78="M",VLOOKUP(AA78,T100Pts!BI$5:BN$44,(L78+1)),IF(J78="F",VLOOKUP(AA78,T100Pts!BU$5:BZ$44,(L78+1)),"")))) -> - | AD78: =IF($L78="X","-",IF(AC78="","-",IF(J78="M",VLOOKUP(AC78,T100Pts!A$5:I$1146,(L78+1)),IF(J78="F",VLOOKUP(AC78,T100Pts!K$5:S$1146,(L78+1)),"")))) -> - | AE78: =IF(OR(X78="X",Z78="X",AB78="X",AD78="X"),"NR",IF(AND(X78="-",Z78="-",AD78="-"),"-",IF(AB78="-",AVERAGE(IF(ISNUMBER(X78),X78),IF(ISNUMBER(Z78),Z78),IF(ISNUMBER(AD78),AD78)),AVERAGE(IF(ISNUMBER(X78),X78),IF(ISNUMBER(Z78),Z78),IF(ISNUMBER(AB78),AB78),IF(ISNUMBER(AD78),AD78))))) -> - | AF78: =IF(NOT(ISNUMBER(AE78)), "-", IF(AE78 < 70, "NA", "A")) -> - | AG78: =AVERAGE(U78,AE78) -> #DIV/0! | AH78: =IF(NOT(ISNUMBER(AG78)), "-", IF(AG78 < 70, "NA", "A")) -> - | AJ78: =IF(OR(B78="TG",B78="GD",B78="GB",B78="CY",B78="CR",B78="TC",B78="MY",B78="CT",B78="TP",B78="TP EC",B78="TT",B78="TT EC",B78="ST",B78="ST EC"),"Oficial",IF(OR(B78="VP",B78="VS",B78="VS EC"),"Vol",IF(B78="","","Subof")))
A79: 66 | I79: =IF(OR(G79="",H79=""),"-",ROUND(G79/(H79^2),0)) -> - | J79: M | K79: =IF(F79>0,DATEDIF(F79,$L$1,"Y"),"-") -> - | L79: =IF(F79="","-",IF(K79<>"",VLOOKUP(K79,T100Pts!CH$4:CI$59,(2)))) -> - | N79: =IF($L79="X","-",IF(M79="","-",IF(J79="M",VLOOKUP(M79,T100Pts!U$5:AC$86,(L79+1)),IF(J79="F",VLOOKUP(M79,T100Pts!AE$5:AM$86,(L79+1)),"")))) -> - | P79: =IF($L79="X","-",IF(O79="","-",IF(J79="M",VLOOKUP(O79,T100Pts!AO$5:AW$126,(L79+1)),IF(J79="F",VLOOKUP(O79,T100Pts!AY$5:BG$126,(L79+1)),"")))) -> - | R79: =IF(OR($L79="X",$L79=6,$L79=7),"-",IF(Q79="","-",IF(J79="M",VLOOKUP(Q79,T100Pts!BI$5:BN$44,(L79+1)),IF(J79="F",VLOOKUP(Q79,T100Pts!BU$5:BZ$44,(L79+1)),"")))) -> - | T79: =IF($L79="X","-",IF(S79="","-",IF(J79="M",VLOOKUP(S79,T100Pts!A$5:I$1146,(L79+1)),IF(J79="F",VLOOKUP(S79,T100Pts!K$5:S$1147,(L79+1)),"")))) -> - | U79: =IF(OR(N79="X",P79="X",R79="X",T79="X"),"NR",IF(AND(N79="-",P79="-",T79="-"),"-",IF(R79="-",AVERAGE(IF(ISNUMBER(N79),N79),IF(ISNUMBER(P79),P79),IF(ISNUMBER(T79),T79)),AVERAGE(IF(ISNUMBER(N79),N79),IF(ISNUMBER(P79),P79),IF(ISNUMBER(R79),R79),IF(ISNUMBER(T79),T79))))) -> - | V79: =IF(NOT(ISNUMBER(U79)), "-", IF(U79 < 70, "NA", "A")) -> - | X79: =IF($L79="X","-",IF(W79="","-",IF(J79="M",VLOOKUP(W79,T100Pts!U$5:AC$86,(L79+1)),IF(J79="F",VLOOKUP(W79,T100Pts!AE$5:AM$86,(L79+1)),"")))) -> - | Z79: =IF($L79="X","-",IF(Y79="","-",IF(J79="M",VLOOKUP(Y79,T100Pts!AO$5:AW$126,(L79+1)),IF(J79="F",VLOOKUP(Y79,T100Pts!AY$5:BG$126,(L79+1)),"")))) -> - | AB79: =IF(OR($L79="X",$L79=6,$L79=7),"-",IF(AA79="","-",IF(J79="M",VLOOKUP(AA79,T100Pts!BI$5:BN$44,(L79+1)),IF(J79="F",VLOOKUP(AA79,T100Pts!BU$5:BZ$44,(L79+1)),"")))) -> - | AD79: =IF($L79="X","-",IF(AC79="","-",IF(J79="M",VLOOKUP(AC79,T100Pts!A$5:I$1146,(L79+1)),IF(J79="F",VLOOKUP(AC79,T100Pts!K$5:S$1146,(L79+1)),"")))) -> - | AE79: =IF(OR(X79="X",Z79="X",AB79="X",AD79="X"),"NR",IF(AND(X79="-",Z79="-",AD79="-"),"-",IF(AB79="-",AVERAGE(IF(ISNUMBER(X79),X79),IF(ISNUMBER(Z79),Z79),IF(ISNUMBER(AD79),AD79)),AVERAGE(IF(ISNUMBER(X79),X79),IF(ISNUMBER(Z79),Z79),IF(ISNUMBER(AB79),AB79),IF(ISNUMBER(AD79),AD79))))) -> - | AF79: =IF(NOT(ISNUMBER(AE79)), "-", IF(AE79 < 70, "NA", "A")) -> - | AG79: =AVERAGE(U79,AE79) -> #DIV/0! | AH79: =IF(NOT(ISNUMBER(AG79)), "-", IF(AG79 < 70, "NA", "A")) -> - | AJ79: =IF(OR(B79="TG",B79="GD",B79="GB",B79="CY",B79="CR",B79="TC",B79="MY",B79="CT",B79="TP",B79="TP EC",B79="TT",B79="TT EC",B79="ST",B79="ST EC"),"Oficial",IF(OR(B79="VP",B79="VS",B79="VS EC"),"Vol",IF(B79="","","Subof")))
A80: 67 | I80: =IF(OR(G80="",H80=""),"-",ROUND(G80/(H80^2),0)) -> - | J80: M | K80: =IF(F80>0,DATEDIF(F80,$L$1,"Y"),"-") -> - | L80: =IF(F80="","-",IF(K80<>"",VLOOKUP(K80,T100Pts!CH$4:CI$59,(2)))) -> - | N80: =IF($L80="X","-",IF(M80="","-",IF(J80="M",VLOOKUP(M80,T100Pts!U$5:AC$86,(L80+1)),IF(J80="F",VLOOKUP(M80,T100Pts!AE$5:AM$86,(L80+1)),"")))) -> - | P80: =IF($L80="X","-",IF(O80="","-",IF(J80="M",VLOOKUP(O80,T100Pts!AO$5:AW$126,(L80+1)),IF(J80="F",VLOOKUP(O80,T100Pts!AY$5:BG$126,(L80+1)),"")))) -> - | R80: =IF(OR($L80="X",$L80=6,$L80=7),"-",IF(Q80="","-",IF(J80="M",VLOOKUP(Q80,T100Pts!BI$5:BN$44,(L80+1)),IF(J80="F",VLOOKUP(Q80,T100Pts!BU$5:BZ$44,(L80+1)),"")))) -> - | T80: =IF($L80="X","-",IF(S80="","-",IF(J80="M",VLOOKUP(S80,T100Pts!A$5:I$1146,(L80+1)),IF(J80="F",VLOOKUP(S80,T100Pts!K$5:S$1147,(L80+1)),"")))) -> - | U80: =IF(OR(N80="X",P80="X",R80="X",T80="X"),"NR",IF(AND(N80="-",P80="-",T80="-"),"-",IF(R80="-",AVERAGE(IF(ISNUMBER(N80),N80),IF(ISNUMBER(P80),P80),IF(ISNUMBER(T80),T80)),AVERAGE(IF(ISNUMBER(N80),N80),IF(ISNUMBER(P80),P80),IF(ISNUMBER(R80),R80),IF(ISNUMBER(T80),T80))))) -> - | V80: =IF(NOT(ISNUMBER(U80)), "-", IF(U80 < 70, "NA", "A")) -> - | X80: =IF($L80="X","-",IF(W80="","-",IF(J80="M",VLOOKUP(W80,T100Pts!U$5:AC$86,(L80+1)),IF(J80="F",VLOOKUP(W80,T100Pts!AE$5:AM$86,(L80+1)),"")))) -> - | Z80: =IF($L80="X","-",IF(Y80="","-",IF(J80="M",VLOOKUP(Y80,T100Pts!AO$5:AW$126,(L80+1)),IF(J80="F",VLOOKUP(Y80,T100Pts!AY$5:BG$126,(L80+1)),"")))) -> - | AB80: =IF(OR($L80="X",$L80=6,$L80=7),"-",IF(AA80="","-",IF(J80="M",VLOOKUP(AA80,T100Pts!BI$5:BN$44,(L80+1)),IF(J80="F",VLOOKUP(AA80,T100Pts!BU$5:BZ$44,(L80+1)),"")))) -> - | AD80: =IF($L80="X","-",IF(AC80="","-",IF(J80="M",VLOOKUP(AC80,T100Pts!A$5:I$1146,(L80+1)),IF(J80="F",VLOOKUP(AC80,T100Pts!K$5:S$1146,(L80+1)),"")))) -> - | AE80: =IF(OR(X80="X",Z80="X",AB80="X",AD80="X"),"NR",IF(AND(X80="-",Z80="-",AD80="-"),"-",IF(AB80="-",AVERAGE(IF(ISNUMBER(X80),X80),IF(ISNUMBER(Z80),Z80),IF(ISNUMBER(AD80),AD80)),AVERAGE(IF(ISNUMBER(X80),X80),IF(ISNUMBER(Z80),Z80),IF(ISNUMBER(AB80),AB80),IF(ISNUMBER(AD80),AD80))))) -> - | AF80: =IF(NOT(ISNUMBER(AE80)), "-", IF(AE80 < 70, "NA", "A")) -> - | AG80: =AVERAGE(U80,AE80) -> #DIV/0! | AH80: =IF(NOT(ISNUMBER(AG80)), "-", IF(AG80 < 70, "NA", "A")) -> - | AI80: Parte de Enfermo GONALGIA | AJ80: =IF(OR(B80="TG",B80="GD",B80="GB",B80="CY",B80="CR",B80="TC",B80="MY",B80="CT",B80="TP",B80="TP EC",B80="TT",B80="TT EC",B80="ST",B80="ST EC"),"Oficial",IF(OR(B80="VP",B80="VS",B80="VS EC"),"Vol",IF(B80="","","Subof")))
A81: 68 | I81: =IF(OR(G81="",H81=""),"-",ROUND(G81/(H81^2),0)) -> - | J81: M | K81: =IF(F81>0,DATEDIF(F81,$L$1,"Y"),"-") -> - | L81: =IF(F81="","-",IF(K81<>"",VLOOKUP(K81,T100Pts!CH$4:CI$59,(2)))) -> - | N81: =IF($L81="X","-",IF(M81="","-",IF(J81="M",VLOOKUP(M81,T100Pts!U$5:AC$86,(L81+1)),IF(J81="F",VLOOKUP(M81,T100Pts!AE$5:AM$86,(L81+1)),"")))) -> - | P81: =IF($L81="X","-",IF(O81="","-",IF(J81="M",VLOOKUP(O81,T100Pts!AO$5:AW$126,(L81+1)),IF(J81="F",VLOOKUP(O81,T100Pts!AY$5:BG$126,(L81+1)),"")))) -> - | R81: =IF(OR($L81="X",$L81=6,$L81=7),"-",IF(Q81="","-",IF(J81="M",VLOOKUP(Q81,T100Pts!BI$5:BN$44,(L81+1)),IF(J81="F",VLOOKUP(Q81,T100Pts!BU$5:BZ$44,(L81+1)),"")))) -> - | T81: =IF($L81="X","-",IF(S81="","-",IF(J81="M",VLOOKUP(S81,T100Pts!A$5:I$1146,(L81+1)),IF(J81="F",VLOOKUP(S81,T100Pts!K$5:S$1147,(L81+1)),"")))) -> - | U81: =IF(OR(N81="X",P81="X",R81="X",T81="X"),"NR",IF(AND(N81="-",P81="-",T81="-"),"-",IF(R81="-",AVERAGE(IF(ISNUMBER(N81),N81),IF(ISNUMBER(P81),P81),IF(ISNUMBER(T81),T81)),AVERAGE(IF(ISNUMBER(N81),N81),IF(ISNUMBER(P81),P81),IF(ISNUMBER(R81),R81),IF(ISNUMBER(T81),T81))))) -> - | V81: =IF(NOT(ISNUMBER(U81)), "-", IF(U81 < 70, "NA", "A")) -> - | X81: =IF($L81="X","-",IF(W81="","-",IF(J81="M",VLOOKUP(W81,T100Pts!U$5:AC$86,(L81+1)),IF(J81="F",VLOOKUP(W81,T100Pts!AE$5:AM$86,(L81+1)),"")))) -> - | Z81: =IF($L81="X","-",IF(Y81="","-",IF(J81="M",VLOOKUP(Y81,T100Pts!AO$5:AW$126,(L81+1)),IF(J81="F",VLOOKUP(Y81,T100Pts!AY$5:BG$126,(L81+1)),"")))) -> - | AB81: =IF(OR($L81="X",$L81=6,$L81=7),"-",IF(AA81="","-",IF(J81="M",VLOOKUP(AA81,T100Pts!BI$5:BN$44,(L81+1)),IF(J81="F",VLOOKUP(AA81,T100Pts!BU$5:BZ$44,(L81+1)),"")))) -> - | AD81: =IF($L81="X","-",IF(AC81="","-",IF(J81="M",VLOOKUP(AC81,T100Pts!A$5:I$1146,(L81+1)),IF(J81="F",VLOOKUP(AC81,T100Pts!K$5:S$1146,(L81+1)),"")))) -> - | AE81: =IF(OR(X81="X",Z81="X",AB81="X",AD81="X"),"NR",IF(AND(X81="-",Z81="-",AD81="-"),"-",IF(AB81="-",AVERAGE(IF(ISNUMBER(X81),X81),IF(ISNUMBER(Z81),Z81),IF(ISNUMBER(AD81),AD81)),AVERAGE(IF(ISNUMBER(X81),X81),IF(ISNUMBER(Z81),Z81),IF(ISNUMBER(AB81),AB81),IF(ISNUMBER(AD81),AD81))))) -> - | AF81: =IF(NOT(ISNUMBER(AE81)), "-", IF(AE81 < 70, "NA", "A")) -> - | AG81: =AVERAGE(U81,AE81) -> #DIV/0! | AH81: =IF(NOT(ISNUMBER(AG81)), "-", IF(AG81 < 70, "NA", "A")) -> - | AJ81: =IF(OR(B81="TG",B81="GD",B81="GB",B81="CY",B81="CR",B81="TC",B81="MY",B81="CT",B81="TP",B81="TP EC",B81="TT",B81="TT EC",B81="ST",B81="ST EC"),"Oficial",IF(OR(B81="VP",B81="VS",B81="VS EC"),"Vol",IF(B81="","","Subof")))
A82: 69 | I82: =IF(OR(G82="",H82=""),"-",ROUND(G82/(H82^2),0)) -> - | J82: M | K82: =IF(F82>0,DATEDIF(F82,$L$1,"Y"),"-") -> - | L82: =IF(F82="","-",IF(K82<>"",VLOOKUP(K82,T100Pts!CH$4:CI$59,(2)))) -> - | N82: =IF($L82="X","-",IF(M82="","-",IF(J82="M",VLOOKUP(M82,T100Pts!U$5:AC$86,(L82+1)),IF(J82="F",VLOOKUP(M82,T100Pts!AE$5:AM$86,(L82+1)),"")))) -> - | P82: =IF($L82="X","-",IF(O82="","-",IF(J82="M",VLOOKUP(O82,T100Pts!AO$5:AW$126,(L82+1)),IF(J82="F",VLOOKUP(O82,T100Pts!AY$5:BG$126,(L82+1)),"")))) -> - | R82: =IF(OR($L82="X",$L82=6,$L82=7),"-",IF(Q82="","-",IF(J82="M",VLOOKUP(Q82,T100Pts!BI$5:BN$44,(L82+1)),IF(J82="F",VLOOKUP(Q82,T100Pts!BU$5:BZ$44,(L82+1)),"")))) -> - | T82: =IF($L82="X","-",IF(S82="","-",IF(J82="M",VLOOKUP(S82,T100Pts!A$5:I$1146,(L82+1)),IF(J82="F",VLOOKUP(S82,T100Pts!K$5:S$1147,(L82+1)),"")))) -> - | U82: =IF(OR(N82="X",P82="X",R82="X",T82="X"),"NR",IF(AND(N82="-",P82="-",T82="-"),"-",IF(R82="-",AVERAGE(IF(ISNUMBER(N82),N82),IF(ISNUMBER(P82),P82),IF(ISNUMBER(T82),T82)),AVERAGE(IF(ISNUMBER(N82),N82),IF(ISNUMBER(P82),P82),IF(ISNUMBER(R82),R82),IF(ISNUMBER(T82),T82))))) -> - | V82: =IF(NOT(ISNUMBER(U82)), "-", IF(U82 < 70, "NA", "A")) -> - | X82: =IF($L82="X","-",IF(W82="","-",IF(J82="M",VLOOKUP(W82,T100Pts!U$5:AC$86,(L82+1)),IF(J82="F",VLOOKUP(W82,T100Pts!AE$5:AM$86,(L82+1)),"")))) -> - | Z82: =IF($L82="X","-",IF(Y82="","-",IF(J82="M",VLOOKUP(Y82,T100Pts!AO$5:AW$126,(L82+1)),IF(J82="F",VLOOKUP(Y82,T100Pts!AY$5:BG$126,(L82+1)),"")))) -> - | AB82: =IF(OR($L82="X",$L82=6,$L82=7),"-",IF(AA82="","-",IF(J82="M",VLOOKUP(AA82,T100Pts!BI$5:BN$44,(L82+1)),IF(J82="F",VLOOKUP(AA82,T100Pts!BU$5:BZ$44,(L82+1)),"")))) -> - | AD82: =IF($L82="X","-",IF(AC82="","-",IF(J82="M",VLOOKUP(AC82,T100Pts!A$5:I$1146,(L82+1)),IF(J82="F",VLOOKUP(AC82,T100Pts!K$5:S$1146,(L82+1)),"")))) -> - | AE82: =IF(OR(X82="X",Z82="X",AB82="X",AD82="X"),"NR",IF(AND(X82="-",Z82="-",AD82="-"),"-",IF(AB82="-",AVERAGE(IF(ISNUMBER(X82),X82),IF(ISNUMBER(Z82),Z82),IF(ISNUMBER(AD82),AD82)),AVERAGE(IF(ISNUMBER(X82),X82),IF(ISNUMBER(Z82),Z82),IF(ISNUMBER(AB82),AB82),IF(ISNUMBER(AD82),AD82))))) -> - | AF82: =IF(NOT(ISNUMBER(AE82)), "-", IF(AE82 < 70, "NA", "A")) -> - | AG82: =AVERAGE(U82,AE82) -> #DIV/0! | AH82: =IF(NOT(ISNUMBER(AG82)), "-", IF(AG82 < 70, "NA", "A")) -> - | AI82: Parte de Enfermo Columna | AJ82: =IF(OR(B82="TG",B82="GD",B82="GB",B82="CY",B82="CR",B82="TC",B82="MY",B82="CT",B82="TP",B82="TP EC",B82="TT",B82="TT EC",B82="ST",B82="ST EC"),"Oficial",IF(OR(B82="VP",B82="VS",B82="VS EC"),"Vol",IF(B82="","","Subof")))
A83: 70 | I83: =IF(OR(G83="",H83=""),"-",ROUND(G83/(H83^2),0)) -> - | J83: M | K83: =IF(F83>0,DATEDIF(F83,$L$1,"Y"),"-") -> - | L83: =IF(F83="","-",IF(K83<>"",VLOOKUP(K83,T100Pts!CH$4:CI$59,(2)))) -> - | N83: =IF($L83="X","-",IF(M83="","-",IF(J83="M",VLOOKUP(M83,T100Pts!U$5:AC$86,(L83+1)),IF(J83="F",VLOOKUP(M83,T100Pts!AE$5:AM$86,(L83+1)),"")))) -> - | P83: =IF($L83="X","-",IF(O83="","-",IF(J83="M",VLOOKUP(O83,T100Pts!AO$5:AW$126,(L83+1)),IF(J83="F",VLOOKUP(O83,T100Pts!AY$5:BG$126,(L83+1)),"")))) -> - | R83: =IF(OR($L83="X",$L83=6,$L83=7),"-",IF(Q83="","-",IF(J83="M",VLOOKUP(Q83,T100Pts!BI$5:BN$44,(L83+1)),IF(J83="F",VLOOKUP(Q83,T100Pts!BU$5:BZ$44,(L83+1)),"")))) -> - | T83: =IF($L83="X","-",IF(S83="","-",IF(J83="M",VLOOKUP(S83,T100Pts!A$5:I$1146,(L83+1)),IF(J83="F",VLOOKUP(S83,T100Pts!K$5:S$1147,(L83+1)),"")))) -> - | U83: =IF(OR(N83="X",P83="X",R83="X",T83="X"),"NR",IF(AND(N83="-",P83="-",T83="-"),"-",IF(R83="-",AVERAGE(IF(ISNUMBER(N83),N83),IF(ISNUMBER(P83),P83),IF(ISNUMBER(T83),T83)),AVERAGE(IF(ISNUMBER(N83),N83),IF(ISNUMBER(P83),P83),IF(ISNUMBER(R83),R83),IF(ISNUMBER(T83),T83))))) -> - | V83: =IF(NOT(ISNUMBER(U83)), "-", IF(U83 < 70, "NA", "A")) -> - | X83: =IF($L83="X","-",IF(W83="","-",IF(J83="M",VLOOKUP(W83,T100Pts!U$5:AC$86,(L83+1)),IF(J83="F",VLOOKUP(W83,T100Pts!AE$5:AM$86,(L83+1)),"")))) -> - | Z83: =IF($L83="X","-",IF(Y83="","-",IF(J83="M",VLOOKUP(Y83,T100Pts!AO$5:AW$126,(L83+1)),IF(J83="F",VLOOKUP(Y83,T100Pts!AY$5:BG$126,(L83+1)),"")))) -> - | AB83: =IF(OR($L83="X",$L83=6,$L83=7),"-",IF(AA83="","-",IF(J83="M",VLOOKUP(AA83,T100Pts!BI$5:BN$44,(L83+1)),IF(J83="F",VLOOKUP(AA83,T100Pts!BU$5:BZ$44,(L83+1)),"")))) -> - | AD83: =IF($L83="X","-",IF(AC83="","-",IF(J83="M",VLOOKUP(AC83,T100Pts!A$5:I$1146,(L83+1)),IF(J83="F",VLOOKUP(AC83,T100Pts!K$5:S$1146,(L83+1)),"")))) -> - | AE83: =IF(OR(X83="X",Z83="X",AB83="X",AD83="X"),"NR",IF(AND(X83="-",Z83="-",AD83="-"),"-",IF(AB83="-",AVERAGE(IF(ISNUMBER(X83),X83),IF(ISNUMBER(Z83),Z83),IF(ISNUMBER(AD83),AD83)),AVERAGE(IF(ISNUMBER(X83),X83),IF(ISNUMBER(Z83),Z83),IF(ISNUMBER(AB83),AB83),IF(ISNUMBER(AD83),AD83))))) -> - | AF83: =IF(NOT(ISNUMBER(AE83)), "-", IF(AE83 < 70, "NA", "A")) -> - | AG83: =AVERAGE(U83,AE83) -> #DIV/0! | AH83: =IF(NOT(ISNUMBER(AG83)), "-", IF(AG83 < 70, "NA", "A")) -> - | AJ83: =IF(OR(B83="TG",B83="GD",B83="GB",B83="CY",B83="CR",B83="TC",B83="MY",B83="CT",B83="TP",B83="TP EC",B83="TT",B83="TT EC",B83="ST",B83="ST EC"),"Oficial",IF(OR(B83="VP",B83="VS",B83="VS EC"),"Vol",IF(B83="","","Subof")))
A84: 71 | I84: =IF(OR(G84="",H84=""),"-",ROUND(G84/(H84^2),0)) -> - | J84: M | K84: =IF(F84>0,DATEDIF(F84,$L$1,"Y"),"-") -> - | L84: =IF(F84="","-",IF(K84<>"",VLOOKUP(K84,T100Pts!CH$4:CI$59,(2)))) -> - | N84: =IF($L84="X","-",IF(M84="","-",IF(J84="M",VLOOKUP(M84,T100Pts!U$5:AC$86,(L84+1)),IF(J84="F",VLOOKUP(M84,T100Pts!AE$5:AM$86,(L84+1)),"")))) -> - | P84: =IF($L84="X","-",IF(O84="","-",IF(J84="M",VLOOKUP(O84,T100Pts!AO$5:AW$126,(L84+1)),IF(J84="F",VLOOKUP(O84,T100Pts!AY$5:BG$126,(L84+1)),"")))) -> - | R84: =IF(OR($L84="X",$L84=6,$L84=7),"-",IF(Q84="","-",IF(J84="M",VLOOKUP(Q84,T100Pts!BI$5:BN$44,(L84+1)),IF(J84="F",VLOOKUP(Q84,T100Pts!BU$5:BZ$44,(L84+1)),"")))) -> - | T84: =IF($L84="X","-",IF(S84="","-",IF(J84="M",VLOOKUP(S84,T100Pts!A$5:I$1146,(L84+1)),IF(J84="F",VLOOKUP(S84,T100Pts!K$5:S$1147,(L84+1)),"")))) -> - | U84: =IF(OR(N84="X",P84="X",R84="X",T84="X"),"NR",IF(AND(N84="-",P84="-",T84="-"),"-",IF(R84="-",AVERAGE(IF(ISNUMBER(N84),N84),IF(ISNUMBER(P84),P84),IF(ISNUMBER(T84),T84)),AVERAGE(IF(ISNUMBER(N84),N84),IF(ISNUMBER(P84),P84),IF(ISNUMBER(R84),R84),IF(ISNUMBER(T84),T84))))) -> - | V84: =IF(NOT(ISNUMBER(U84)), "-", IF(U84 < 70, "NA", "A")) -> - | X84: =IF($L84="X","-",IF(W84="","-",IF(J84="M",VLOOKUP(W84,T100Pts!U$5:AC$86,(L84+1)),IF(J84="F",VLOOKUP(W84,T100Pts!AE$5:AM$86,(L84+1)),"")))) -> - | Z84: =IF($L84="X","-",IF(Y84="","-",IF(J84="M",VLOOKUP(Y84,T100Pts!AO$5:AW$126,(L84+1)),IF(J84="F",VLOOKUP(Y84,T100Pts!AY$5:BG$126,(L84+1)),"")))) -> - | AB84: =IF(OR($L84="X",$L84=6,$L84=7),"-",IF(AA84="","-",IF(J84="M",VLOOKUP(AA84,T100Pts!BI$5:BN$44,(L84+1)),IF(J84="F",VLOOKUP(AA84,T100Pts!BU$5:BZ$44,(L84+1)),"")))) -> - | AD84: =IF($L84="X","-",IF(AC84="","-",IF(J84="M",VLOOKUP(AC84,T100Pts!A$5:I$1146,(L84+1)),IF(J84="F",VLOOKUP(AC84,T100Pts!K$5:S$1146,(L84+1)),"")))) -> - | AE84: =IF(OR(X84="X",Z84="X",AB84="X",AD84="X"),"NR",IF(AND(X84="-",Z84="-",AD84="-"),"-",IF(AB84="-",AVERAGE(IF(ISNUMBER(X84),X84),IF(ISNUMBER(Z84),Z84),IF(ISNUMBER(AD84),AD84)),AVERAGE(IF(ISNUMBER(X84),X84),IF(ISNUMBER(Z84),Z84),IF(ISNUMBER(AB84),AB84),IF(ISNUMBER(AD84),AD84))))) -> - | AF84: =IF(NOT(ISNUMBER(AE84)), "-", IF(AE84 < 70, "NA", "A")) -> - | AG84: =AVERAGE(U84,AE84) -> #DIV/0! | AH84: =IF(NOT(ISNUMBER(AG84)), "-", IF(AG84 < 70, "NA", "A")) -> - | AJ84: =IF(OR(B84="TG",B84="GD",B84="GB",B84="CY",B84="CR",B84="TC",B84="MY",B84="CT",B84="TP",B84="TP EC",B84="TT",B84="TT EC",B84="ST",B84="ST EC"),"Oficial",IF(OR(B84="VP",B84="VS",B84="VS EC"),"Vol",IF(B84="","","Subof")))
A85: 72 | I85: =IF(OR(G85="",H85=""),"-",ROUND(G85/(H85^2),0)) -> - | J85: M | K85: =IF(F85>0,DATEDIF(F85,$L$1,"Y"),"-") -> - | L85: =IF(F85="","-",IF(K85<>"",VLOOKUP(K85,T100Pts!CH$4:CI$59,(2)))) -> - | N85: =IF($L85="X","-",IF(M85="","-",IF(J85="M",VLOOKUP(M85,T100Pts!U$5:AC$86,(L85+1)),IF(J85="F",VLOOKUP(M85,T100Pts!AE$5:AM$86,(L85+1)),"")))) -> - | P85: =IF($L85="X","-",IF(O85="","-",IF(J85="M",VLOOKUP(O85,T100Pts!AO$5:AW$126,(L85+1)),IF(J85="F",VLOOKUP(O85,T100Pts!AY$5:BG$126,(L85+1)),"")))) -> - | R85: =IF(OR($L85="X",$L85=6,$L85=7),"-",IF(Q85="","-",IF(J85="M",VLOOKUP(Q85,T100Pts!BI$5:BN$44,(L85+1)),IF(J85="F",VLOOKUP(Q85,T100Pts!BU$5:BZ$44,(L85+1)),"")))) -> - | T85: =IF($L85="X","-",IF(S85="","-",IF(J85="M",VLOOKUP(S85,T100Pts!A$5:I$1146,(L85+1)),IF(J85="F",VLOOKUP(S85,T100Pts!K$5:S$1147,(L85+1)),"")))) -> - | U85: =IF(OR(N85="X",P85="X",R85="X",T85="X"),"NR",IF(AND(N85="-",P85="-",T85="-"),"-",IF(R85="-",AVERAGE(IF(ISNUMBER(N85),N85),IF(ISNUMBER(P85),P85),IF(ISNUMBER(T85),T85)),AVERAGE(IF(ISNUMBER(N85),N85),IF(ISNUMBER(P85),P85),IF(ISNUMBER(R85),R85),IF(ISNUMBER(T85),T85))))) -> - | V85: =IF(NOT(ISNUMBER(U85)), "-", IF(U85 < 70, "NA", "A")) -> - | X85: =IF($L85="X","-",IF(W85="","-",IF(J85="M",VLOOKUP(W85,T100Pts!U$5:AC$86,(L85+1)),IF(J85="F",VLOOKUP(W85,T100Pts!AE$5:AM$86,(L85+1)),"")))) -> - | Z85: =IF($L85="X","-",IF(Y85="","-",IF(J85="M",VLOOKUP(Y85,T100Pts!AO$5:AW$126,(L85+1)),IF(J85="F",VLOOKUP(Y85,T100Pts!AY$5:BG$126,(L85+1)),"")))) -> - | AB85: =IF(OR($L85="X",$L85=6,$L85=7),"-",IF(AA85="","-",IF(J85="M",VLOOKUP(AA85,T100Pts!BI$5:BN$44,(L85+1)),IF(J85="F",VLOOKUP(AA85,T100Pts!BU$5:BZ$44,(L85+1)),"")))) -> - | AD85: =IF($L85="X","-",IF(AC85="","-",IF(J85="M",VLOOKUP(AC85,T100Pts!A$5:I$1146,(L85+1)),IF(J85="F",VLOOKUP(AC85,T100Pts!K$5:S$1146,(L85+1)),"")))) -> - | AE85: =IF(OR(X85="X",Z85="X",AB85="X",AD85="X"),"NR",IF(AND(X85="-",Z85="-",AD85="-"),"-",IF(AB85="-",AVERAGE(IF(ISNUMBER(X85),X85),IF(ISNUMBER(Z85),Z85),IF(ISNUMBER(AD85),AD85)),AVERAGE(IF(ISNUMBER(X85),X85),IF(ISNUMBER(Z85),Z85),IF(ISNUMBER(AB85),AB85),IF(ISNUMBER(AD85),AD85))))) -> - | AF85: =IF(NOT(ISNUMBER(AE85)), "-", IF(AE85 < 70, "NA", "A")) -> - | AG85: =AVERAGE(U85,AE85) -> #DIV/0! | AH85: =IF(NOT(ISNUMBER(AG85)), "-", IF(AG85 < 70, "NA", "A")) -> - | AI85: Parte de Enfermo Extraxión de Muela | AJ85: =IF(OR(B85="TG",B85="GD",B85="GB",B85="CY",B85="CR",B85="TC",B85="MY",B85="CT",B85="TP",B85="TP EC",B85="TT",B85="TT EC",B85="ST",B85="ST EC"),"Oficial",IF(OR(B85="VP",B85="VS",B85="VS EC"),"Vol",IF(B85="","","Subof")))
A86: 73 | I86: =IF(OR(G86="",H86=""),"-",ROUND(G86/(H86^2),0)) -> - | J86: M | K86: =IF(F86>0,DATEDIF(F86,$L$1,"Y"),"-") -> - | L86: =IF(F86="","-",IF(K86<>"",VLOOKUP(K86,T100Pts!CH$4:CI$59,(2)))) -> - | N86: =IF($L86="X","-",IF(M86="","-",IF(J86="M",VLOOKUP(M86,T100Pts!U$5:AC$86,(L86+1)),IF(J86="F",VLOOKUP(M86,T100Pts!AE$5:AM$86,(L86+1)),"")))) -> - | P86: =IF($L86="X","-",IF(O86="","-",IF(J86="M",VLOOKUP(O86,T100Pts!AO$5:AW$126,(L86+1)),IF(J86="F",VLOOKUP(O86,T100Pts!AY$5:BG$126,(L86+1)),"")))) -> - | R86: =IF(OR($L86="X",$L86=6,$L86=7),"-",IF(Q86="","-",IF(J86="M",VLOOKUP(Q86,T100Pts!BI$5:BN$44,(L86+1)),IF(J86="F",VLOOKUP(Q86,T100Pts!BU$5:BZ$44,(L86+1)),"")))) -> - | T86: =IF($L86="X","-",IF(S86="","-",IF(J86="M",VLOOKUP(S86,T100Pts!A$5:I$1146,(L86+1)),IF(J86="F",VLOOKUP(S86,T100Pts!K$5:S$1147,(L86+1)),"")))) -> - | U86: =IF(OR(N86="X",P86="X",R86="X",T86="X"),"NR",IF(AND(N86="-",P86="-",T86="-"),"-",IF(R86="-",AVERAGE(IF(ISNUMBER(N86),N86),IF(ISNUMBER(P86),P86),IF(ISNUMBER(T86),T86)),AVERAGE(IF(ISNUMBER(N86),N86),IF(ISNUMBER(P86),P86),IF(ISNUMBER(R86),R86),IF(ISNUMBER(T86),T86))))) -> - | V86: =IF(NOT(ISNUMBER(U86)), "-", IF(U86 < 70, "NA", "A")) -> - | X86: =IF($L86="X","-",IF(W86="","-",IF(J86="M",VLOOKUP(W86,T100Pts!U$5:AC$86,(L86+1)),IF(J86="F",VLOOKUP(W86,T100Pts!AE$5:AM$86,(L86+1)),"")))) -> - | Z86: =IF($L86="X","-",IF(Y86="","-",IF(J86="M",VLOOKUP(Y86,T100Pts!AO$5:AW$126,(L86+1)),IF(J86="F",VLOOKUP(Y86,T100Pts!AY$5:BG$126,(L86+1)),"")))) -> - | AB86: =IF(OR($L86="X",$L86=6,$L86=7),"-",IF(AA86="","-",IF(J86="M",VLOOKUP(AA86,T100Pts!BI$5:BN$44,(L86+1)),IF(J86="F",VLOOKUP(AA86,T100Pts!BU$5:BZ$44,(L86+1)),"")))) -> - | AD86: =IF($L86="X","-",IF(AC86="","-",IF(J86="M",VLOOKUP(AC86,T100Pts!A$5:I$1146,(L86+1)),IF(J86="F",VLOOKUP(AC86,T100Pts!K$5:S$1146,(L86+1)),"")))) -> - | AE86: =IF(OR(X86="X",Z86="X",AB86="X",AD86="X"),"NR",IF(AND(X86="-",Z86="-",AD86="-"),"-",IF(AB86="-",AVERAGE(IF(ISNUMBER(X86),X86),IF(ISNUMBER(Z86),Z86),IF(ISNUMBER(AD86),AD86)),AVERAGE(IF(ISNUMBER(X86),X86),IF(ISNUMBER(Z86),Z86),IF(ISNUMBER(AB86),AB86),IF(ISNUMBER(AD86),AD86))))) -> - | AF86: =IF(NOT(ISNUMBER(AE86)), "-", IF(AE86 < 70, "NA", "A")) -> - | AG86: =AVERAGE(U86,AE86) -> #DIV/0! | AH86: =IF(NOT(ISNUMBER(AG86)), "-", IF(AG86 < 70, "NA", "A")) -> - | AI86: APTO B 1er Sem | AJ86: =IF(OR(B86="TG",B86="GD",B86="GB",B86="CY",B86="CR",B86="TC",B86="MY",B86="CT",B86="TP",B86="TP EC",B86="TT",B86="TT EC",B86="ST",B86="ST EC"),"Oficial",IF(OR(B86="VP",B86="VS",B86="VS EC"),"Vol",IF(B86="","","Subof")))
A87: 74 | I87: =IF(OR(G87="",H87=""),"-",ROUND(G87/(H87^2),0)) -> - | J87: F | K87: =IF(F87>0,DATEDIF(F87,$L$1,"Y"),"-") -> - | L87: =IF(F87="","-",IF(K87<>"",VLOOKUP(K87,T100Pts!CH$4:CI$59,(2)))) -> - | N87: =IF($L87="X","-",IF(M87="","-",IF(J87="M",VLOOKUP(M87,T100Pts!U$5:AC$86,(L87+1)),IF(J87="F",VLOOKUP(M87,T100Pts!AE$5:AM$86,(L87+1)),"")))) -> - | P87: =IF($L87="X","-",IF(O87="","-",IF(J87="M",VLOOKUP(O87,T100Pts!AO$5:AW$126,(L87+1)),IF(J87="F",VLOOKUP(O87,T100Pts!AY$5:BG$126,(L87+1)),"")))) -> - | R87: =IF(OR($L87="X",$L87=6,$L87=7),"-",IF(Q87="","-",IF(J87="M",VLOOKUP(Q87,T100Pts!BI$5:BN$44,(L87+1)),IF(J87="F",VLOOKUP(Q87,T100Pts!BU$5:BZ$44,(L87+1)),"")))) -> - | T87: =IF($L87="X","-",IF(S87="","-",IF(J87="M",VLOOKUP(S87,T100Pts!A$5:I$1146,(L87+1)),IF(J87="F",VLOOKUP(S87,T100Pts!K$5:S$1147,(L87+1)),"")))) -> - | U87: =IF(OR(N87="X",P87="X",R87="X",T87="X"),"NR",IF(AND(N87="-",P87="-",T87="-"),"-",IF(R87="-",AVERAGE(IF(ISNUMBER(N87),N87),IF(ISNUMBER(P87),P87),IF(ISNUMBER(T87),T87)),AVERAGE(IF(ISNUMBER(N87),N87),IF(ISNUMBER(P87),P87),IF(ISNUMBER(R87),R87),IF(ISNUMBER(T87),T87))))) -> - | V87: =IF(NOT(ISNUMBER(U87)), "-", IF(U87 < 70, "NA", "A")) -> - | X87: =IF($L87="X","-",IF(W87="","-",IF(J87="M",VLOOKUP(W87,T100Pts!U$5:AC$86,(L87+1)),IF(J87="F",VLOOKUP(W87,T100Pts!AE$5:AM$86,(L87+1)),"")))) -> - | Z87: =IF($L87="X","-",IF(Y87="","-",IF(J87="M",VLOOKUP(Y87,T100Pts!AO$5:AW$126,(L87+1)),IF(J87="F",VLOOKUP(Y87,T100Pts!AY$5:BG$126,(L87+1)),"")))) -> - | AB87: =IF(OR($L87="X",$L87=6,$L87=7),"-",IF(AA87="","-",IF(J87="M",VLOOKUP(AA87,T100Pts!BI$5:BN$44,(L87+1)),IF(J87="F",VLOOKUP(AA87,T100Pts!BU$5:BZ$44,(L87+1)),"")))) -> - | AD87: =IF($L87="X","-",IF(AC87="","-",IF(J87="M",VLOOKUP(AC87,T100Pts!A$5:I$1146,(L87+1)),IF(J87="F",VLOOKUP(AC87,T100Pts!K$5:S$1146,(L87+1)),"")))) -> - | AE87: =IF(OR(X87="X",Z87="X",AB87="X",AD87="X"),"NR",IF(AND(X87="-",Z87="-",AD87="-"),"-",IF(AB87="-",AVERAGE(IF(ISNUMBER(X87),X87),IF(ISNUMBER(Z87),Z87),IF(ISNUMBER(AD87),AD87)),AVERAGE(IF(ISNUMBER(X87),X87),IF(ISNUMBER(Z87),Z87),IF(ISNUMBER(AB87),AB87),IF(ISNUMBER(AD87),AD87))))) -> - | AF87: =IF(NOT(ISNUMBER(AE87)), "-", IF(AE87 < 70, "NA", "A")) -> - | AG87: =AVERAGE(U87,AE87) -> #DIV/0! | AH87: =IF(NOT(ISNUMBER(AG87)), "-", IF(AG87 < 70, "NA", "A")) -> - | AJ87: =IF(OR(B87="TG",B87="GD",B87="GB",B87="CY",B87="CR",B87="TC",B87="MY",B87="CT",B87="TP",B87="TP EC",B87="TT",B87="TT EC",B87="ST",B87="ST EC"),"Oficial",IF(OR(B87="VP",B87="VS",B87="VS EC"),"Vol",IF(B87="","","Subof")))
A88: 75 | I88: =IF(OR(G88="",H88=""),"-",ROUND(G88/(H88^2),0)) -> - | J88: M | K88: =IF(F88>0,DATEDIF(F88,$L$1,"Y"),"-") -> - | L88: =IF(F88="","-",IF(K88<>"",VLOOKUP(K88,T100Pts!CH$4:CI$59,(2)))) -> - | N88: =IF($L88="X","-",IF(M88="","-",IF(J88="M",VLOOKUP(M88,T100Pts!U$5:AC$86,(L88+1)),IF(J88="F",VLOOKUP(M88,T100Pts!AE$5:AM$86,(L88+1)),"")))) -> - | P88: =IF($L88="X","-",IF(O88="","-",IF(J88="M",VLOOKUP(O88,T100Pts!AO$5:AW$126,(L88+1)),IF(J88="F",VLOOKUP(O88,T100Pts!AY$5:BG$126,(L88+1)),"")))) -> - | R88: =IF(OR($L88="X",$L88=6,$L88=7),"-",IF(Q88="","-",IF(J88="M",VLOOKUP(Q88,T100Pts!BI$5:BN$44,(L88+1)),IF(J88="F",VLOOKUP(Q88,T100Pts!BU$5:BZ$44,(L88+1)),"")))) -> - | T88: =IF($L88="X","-",IF(S88="","-",IF(J88="M",VLOOKUP(S88,T100Pts!A$5:I$1146,(L88+1)),IF(J88="F",VLOOKUP(S88,T100Pts!K$5:S$1147,(L88+1)),"")))) -> - | U88: =IF(OR(N88="X",P88="X",R88="X",T88="X"),"NR",IF(AND(N88="-",P88="-",T88="-"),"-",IF(R88="-",AVERAGE(IF(ISNUMBER(N88),N88),IF(ISNUMBER(P88),P88),IF(ISNUMBER(T88),T88)),AVERAGE(IF(ISNUMBER(N88),N88),IF(ISNUMBER(P88),P88),IF(ISNUMBER(R88),R88),IF(ISNUMBER(T88),T88))))) -> - | V88: =IF(NOT(ISNUMBER(U88)), "-", IF(U88 < 70, "NA", "A")) -> - | X88: =IF($L88="X","-",IF(W88="","-",IF(J88="M",VLOOKUP(W88,T100Pts!U$5:AC$86,(L88+1)),IF(J88="F",VLOOKUP(W88,T100Pts!AE$5:AM$86,(L88+1)),"")))) -> - | Z88: =IF($L88="X","-",IF(Y88="","-",IF(J88="M",VLOOKUP(Y88,T100Pts!AO$5:AW$126,(L88+1)),IF(J88="F",VLOOKUP(Y88,T100Pts!AY$5:BG$126,(L88+1)),"")))) -> - | AB88: =IF(OR($L88="X",$L88=6,$L88=7),"-",IF(AA88="","-",IF(J88="M",VLOOKUP(AA88,T100Pts!BI$5:BN$44,(L88+1)),IF(J88="F",VLOOKUP(AA88,T100Pts!BU$5:BZ$44,(L88+1)),"")))) -> - | AD88: =IF($L88="X","-",IF(AC88="","-",IF(J88="M",VLOOKUP(AC88,T100Pts!A$5:I$1146,(L88+1)),IF(J88="F",VLOOKUP(AC88,T100Pts!K$5:S$1146,(L88+1)),"")))) -> - | AE88: =IF(OR(X88="X",Z88="X",AB88="X",AD88="X"),"NR",IF(AND(X88="-",Z88="-",AD88="-"),"-",IF(AB88="-",AVERAGE(IF(ISNUMBER(X88),X88),IF(ISNUMBER(Z88),Z88),IF(ISNUMBER(AD88),AD88)),AVERAGE(IF(ISNUMBER(X88),X88),IF(ISNUMBER(Z88),Z88),IF(ISNUMBER(AB88),AB88),IF(ISNUMBER(AD88),AD88))))) -> - | AF88: =IF(NOT(ISNUMBER(AE88)), "-", IF(AE88 < 70, "NA", "A")) -> - | AG88: =AVERAGE(U88,AE88) -> #DIV/0! | AH88: =IF(NOT(ISNUMBER(AG88)), "-", IF(AG88 < 70, "NA", "A")) -> - | AJ88: =IF(OR(B88="TG",B88="GD",B88="GB",B88="CY",B88="CR",B88="TC",B88="MY",B88="CT",B88="TP",B88="TP EC",B88="TT",B88="TT EC",B88="ST",B88="ST EC"),"Oficial",IF(OR(B88="VP",B88="VS",B88="VS EC"),"Vol",IF(B88="","","Subof")))
A89: 76 | I89: =IF(OR(G89="",H89=""),"-",ROUND(G89/(H89^2),0)) -> - | J89: M | K89: =IF(F89>0,DATEDIF(F89,$L$1,"Y"),"-") -> - | L89: =IF(F89="","-",IF(K89<>"",VLOOKUP(K89,T100Pts!CH$4:CI$59,(2)))) -> - | N89: =IF($L89="X","-",IF(M89="","-",IF(J89="M",VLOOKUP(M89,T100Pts!U$5:AC$86,(L89+1)),IF(J89="F",VLOOKUP(M89,T100Pts!AE$5:AM$86,(L89+1)),"")))) -> - | P89: =IF($L89="X","-",IF(O89="","-",IF(J89="M",VLOOKUP(O89,T100Pts!AO$5:AW$126,(L89+1)),IF(J89="F",VLOOKUP(O89,T100Pts!AY$5:BG$126,(L89+1)),"")))) -> - | R89: =IF(OR($L89="X",$L89=6,$L89=7),"-",IF(Q89="","-",IF(J89="M",VLOOKUP(Q89,T100Pts!BI$5:BN$44,(L89+1)),IF(J89="F",VLOOKUP(Q89,T100Pts!BU$5:BZ$44,(L89+1)),"")))) -> - | T89: =IF($L89="X","-",IF(S89="","-",IF(J89="M",VLOOKUP(S89,T100Pts!A$5:I$1146,(L89+1)),IF(J89="F",VLOOKUP(S89,T100Pts!K$5:S$1147,(L89+1)),"")))) -> - | U89: =IF(OR(N89="X",P89="X",R89="X",T89="X"),"NR",IF(AND(N89="-",P89="-",T89="-"),"-",IF(R89="-",AVERAGE(IF(ISNUMBER(N89),N89),IF(ISNUMBER(P89),P89),IF(ISNUMBER(T89),T89)),AVERAGE(IF(ISNUMBER(N89),N89),IF(ISNUMBER(P89),P89),IF(ISNUMBER(R89),R89),IF(ISNUMBER(T89),T89))))) -> - | V89: =IF(NOT(ISNUMBER(U89)), "-", IF(U89 < 70, "NA", "A")) -> - | X89: =IF($L89="X","-",IF(W89="","-",IF(J89="M",VLOOKUP(W89,T100Pts!U$5:AC$86,(L89+1)),IF(J89="F",VLOOKUP(W89,T100Pts!AE$5:AM$86,(L89+1)),"")))) -> - | Z89: =IF($L89="X","-",IF(Y89="","-",IF(J89="M",VLOOKUP(Y89,T100Pts!AO$5:AW$126,(L89+1)),IF(J89="F",VLOOKUP(Y89,T100Pts!AY$5:BG$126,(L89+1)),"")))) -> - | AB89: =IF(OR($L89="X",$L89=6,$L89=7),"-",IF(AA89="","-",IF(J89="M",VLOOKUP(AA89,T100Pts!BI$5:BN$44,(L89+1)),IF(J89="F",VLOOKUP(AA89,T100Pts!BU$5:BZ$44,(L89+1)),"")))) -> - | AD89: =IF($L89="X","-",IF(AC89="","-",IF(J89="M",VLOOKUP(AC89,T100Pts!A$5:I$1146,(L89+1)),IF(J89="F",VLOOKUP(AC89,T100Pts!K$5:S$1146,(L89+1)),"")))) -> - | AE89: =IF(OR(X89="X",Z89="X",AB89="X",AD89="X"),"NR",IF(AND(X89="-",Z89="-",AD89="-"),"-",IF(AB89="-",AVERAGE(IF(ISNUMBER(X89),X89),IF(ISNUMBER(Z89),Z89),IF(ISNUMBER(AD89),AD89)),AVERAGE(IF(ISNUMBER(X89),X89),IF(ISNUMBER(Z89),Z89),IF(ISNUMBER(AB89),AB89),IF(ISNUMBER(AD89),AD89))))) -> - | AF89: =IF(NOT(ISNUMBER(AE89)), "-", IF(AE89 < 70, "NA", "A")) -> - | AG89: =AVERAGE(U89,AE89) -> #DIV/0! | AH89: =IF(NOT(ISNUMBER(AG89)), "-", IF(AG89 < 70, "NA", "A")) -> - | AJ89: =IF(OR(B89="TG",B89="GD",B89="GB",B89="CY",B89="CR",B89="TC",B89="MY",B89="CT",B89="TP",B89="TP EC",B89="TT",B89="TT EC",B89="ST",B89="ST EC"),"Oficial",IF(OR(B89="VP",B89="VS",B89="VS EC"),"Vol",IF(B89="","","Subof")))
A90: 77 | I90: =IF(OR(G90="",H90=""),"-",ROUND(G90/(H90^2),0)) -> - | J90: M | K90: =IF(F90>0,DATEDIF(F90,$L$1,"Y"),"-") -> - | L90: =IF(F90="","-",IF(K90<>"",VLOOKUP(K90,T100Pts!CH$4:CI$59,(2)))) -> - | N90: =IF($L90="X","-",IF(M90="","-",IF(J90="M",VLOOKUP(M90,T100Pts!U$5:AC$86,(L90+1)),IF(J90="F",VLOOKUP(M90,T100Pts!AE$5:AM$86,(L90+1)),"")))) -> - | P90: =IF($L90="X","-",IF(O90="","-",IF(J90="M",VLOOKUP(O90,T100Pts!AO$5:AW$126,(L90+1)),IF(J90="F",VLOOKUP(O90,T100Pts!AY$5:BG$126,(L90+1)),"")))) -> - | R90: =IF(OR($L90="X",$L90=6,$L90=7),"-",IF(Q90="","-",IF(J90="M",VLOOKUP(Q90,T100Pts!BI$5:BN$44,(L90+1)),IF(J90="F",VLOOKUP(Q90,T100Pts!BU$5:BZ$44,(L90+1)),"")))) -> - | T90: =IF($L90="X","-",IF(S90="","-",IF(J90="M",VLOOKUP(S90,T100Pts!A$5:I$1146,(L90+1)),IF(J90="F",VLOOKUP(S90,T100Pts!K$5:S$1147,(L90+1)),"")))) -> - | U90: =IF(OR(N90="X",P90="X",R90="X",T90="X"),"NR",IF(AND(N90="-",P90="-",T90="-"),"-",IF(R90="-",AVERAGE(IF(ISNUMBER(N90),N90),IF(ISNUMBER(P90),P90),IF(ISNUMBER(T90),T90)),AVERAGE(IF(ISNUMBER(N90),N90),IF(ISNUMBER(P90),P90),IF(ISNUMBER(R90),R90),IF(ISNUMBER(T90),T90))))) -> - | V90: =IF(NOT(ISNUMBER(U90)), "-", IF(U90 < 70, "NA", "A")) -> - | X90: =IF($L90="X","-",IF(W90="","-",IF(J90="M",VLOOKUP(W90,T100Pts!U$5:AC$86,(L90+1)),IF(J90="F",VLOOKUP(W90,T100Pts!AE$5:AM$86,(L90+1)),"")))) -> - | Z90: =IF($L90="X","-",IF(Y90="","-",IF(J90="M",VLOOKUP(Y90,T100Pts!AO$5:AW$126,(L90+1)),IF(J90="F",VLOOKUP(Y90,T100Pts!AY$5:BG$126,(L90+1)),"")))) -> - | AB90: =IF(OR($L90="X",$L90=6,$L90=7),"-",IF(AA90="","-",IF(J90="M",VLOOKUP(AA90,T100Pts!BI$5:BN$44,(L90+1)),IF(J90="F",VLOOKUP(AA90,T100Pts!BU$5:BZ$44,(L90+1)),"")))) -> - | AD90: =IF($L90="X","-",IF(AC90="","-",IF(J90="M",VLOOKUP(AC90,T100Pts!A$5:I$1146,(L90+1)),IF(J90="F",VLOOKUP(AC90,T100Pts!K$5:S$1146,(L90+1)),"")))) -> - | AE90: =IF(OR(X90="X",Z90="X",AB90="X",AD90="X"),"NR",IF(AND(X90="-",Z90="-",AD90="-"),"-",IF(AB90="-",AVERAGE(IF(ISNUMBER(X90),X90),IF(ISNUMBER(Z90),Z90),IF(ISNUMBER(AD90),AD90)),AVERAGE(IF(ISNUMBER(X90),X90),IF(ISNUMBER(Z90),Z90),IF(ISNUMBER(AB90),AB90),IF(ISNUMBER(AD90),AD90))))) -> - | AF90: =IF(NOT(ISNUMBER(AE90)), "-", IF(AE90 < 70, "NA", "A")) -> - | AG90: =AVERAGE(U90,AE90) -> #DIV/0! | AH90: =IF(NOT(ISNUMBER(AG90)), "-", IF(AG90 < 70, "NA", "A")) -> - | AJ90: =IF(OR(B90="TG",B90="GD",B90="GB",B90="CY",B90="CR",B90="TC",B90="MY",B90="CT",B90="TP",B90="TP EC",B90="TT",B90="TT EC",B90="ST",B90="ST EC"),"Oficial",IF(OR(B90="VP",B90="VS",B90="VS EC"),"Vol",IF(B90="","","Subof")))
A91: 78 | I91: =IF(OR(G91="",H91=""),"-",ROUND(G91/(H91^2),0)) -> - | J91: F | K91: =IF(F91>0,DATEDIF(F91,$L$1,"Y"),"-") -> - | L91: =IF(F91="","-",IF(K91<>"",VLOOKUP(K91,T100Pts!CH$4:CI$59,(2)))) -> - | N91: =IF($L91="X","-",IF(M91="","-",IF(J91="M",VLOOKUP(M91,T100Pts!U$5:AC$86,(L91+1)),IF(J91="F",VLOOKUP(M91,T100Pts!AE$5:AM$86,(L91+1)),"")))) -> - | P91: =IF($L91="X","-",IF(O91="","-",IF(J91="M",VLOOKUP(O91,T100Pts!AO$5:AW$126,(L91+1)),IF(J91="F",VLOOKUP(O91,T100Pts!AY$5:BG$126,(L91+1)),"")))) -> - | R91: =IF(OR($L91="X",$L91=6,$L91=7),"-",IF(Q91="","-",IF(J91="M",VLOOKUP(Q91,T100Pts!BI$5:BN$44,(L91+1)),IF(J91="F",VLOOKUP(Q91,T100Pts!BU$5:BZ$44,(L91+1)),"")))) -> - | T91: =IF($L91="X","-",IF(S91="","-",IF(J91="M",VLOOKUP(S91,T100Pts!A$5:I$1146,(L91+1)),IF(J91="F",VLOOKUP(S91,T100Pts!K$5:S$1147,(L91+1)),"")))) -> - | U91: =IF(OR(N91="X",P91="X",R91="X",T91="X"),"NR",IF(AND(N91="-",P91="-",T91="-"),"-",IF(R91="-",AVERAGE(IF(ISNUMBER(N91),N91),IF(ISNUMBER(P91),P91),IF(ISNUMBER(T91),T91)),AVERAGE(IF(ISNUMBER(N91),N91),IF(ISNUMBER(P91),P91),IF(ISNUMBER(R91),R91),IF(ISNUMBER(T91),T91))))) -> - | V91: =IF(NOT(ISNUMBER(U91)), "-", IF(U91 < 70, "NA", "A")) -> - | X91: =IF($L91="X","-",IF(W91="","-",IF(J91="M",VLOOKUP(W91,T100Pts!U$5:AC$86,(L91+1)),IF(J91="F",VLOOKUP(W91,T100Pts!AE$5:AM$86,(L91+1)),"")))) -> - | Z91: =IF($L91="X","-",IF(Y91="","-",IF(J91="M",VLOOKUP(Y91,T100Pts!AO$5:AW$126,(L91+1)),IF(J91="F",VLOOKUP(Y91,T100Pts!AY$5:BG$126,(L91+1)),"")))) -> - | AB91: =IF(OR($L91="X",$L91=6,$L91=7),"-",IF(AA91="","-",IF(J91="M",VLOOKUP(AA91,T100Pts!BI$5:BN$44,(L91+1)),IF(J91="F",VLOOKUP(AA91,T100Pts!BU$5:BZ$44,(L91+1)),"")))) -> - | AD91: =IF($L91="X","-",IF(AC91="","-",IF(J91="M",VLOOKUP(AC91,T100Pts!A$5:I$1146,(L91+1)),IF(J91="F",VLOOKUP(AC91,T100Pts!K$5:S$1146,(L91+1)),"")))) -> - | AE91: =IF(OR(X91="X",Z91="X",AB91="X",AD91="X"),"NR",IF(AND(X91="-",Z91="-",AD91="-"),"-",IF(AB91="-",AVERAGE(IF(ISNUMBER(X91),X91),IF(ISNUMBER(Z91),Z91),IF(ISNUMBER(AD91),AD91)),AVERAGE(IF(ISNUMBER(X91),X91),IF(ISNUMBER(Z91),Z91),IF(ISNUMBER(AB91),AB91),IF(ISNUMBER(AD91),AD91))))) -> - | AF91: =IF(NOT(ISNUMBER(AE91)), "-", IF(AE91 < 70, "NA", "A")) -> - | AG91: =AVERAGE(U91,AE91) -> #DIV/0! | AH91: =IF(NOT(ISNUMBER(AG91)), "-", IF(AG91 < 70, "NA", "A")) -> - | AJ91: =IF(OR(B91="TG",B91="GD",B91="GB",B91="CY",B91="CR",B91="TC",B91="MY",B91="CT",B91="TP",B91="TP EC",B91="TT",B91="TT EC",B91="ST",B91="ST EC"),"Oficial",IF(OR(B91="VP",B91="VS",B91="VS EC"),"Vol",IF(B91="","","Subof")))
A92: 79 | I92: =IF(OR(G92="",H92=""),"-",ROUND(G92/(H92^2),0)) -> - | J92: M | K92: =IF(F92>0,DATEDIF(F92,$L$1,"Y"),"-") -> - | L92: =IF(F92="","-",IF(K92<>"",VLOOKUP(K92,T100Pts!CH$4:CI$59,(2)))) -> - | N92: =IF($L92="X","-",IF(M92="","-",IF(J92="M",VLOOKUP(M92,T100Pts!U$5:AC$86,(L92+1)),IF(J92="F",VLOOKUP(M92,T100Pts!AE$5:AM$86,(L92+1)),"")))) -> - | P92: =IF($L92="X","-",IF(O92="","-",IF(J92="M",VLOOKUP(O92,T100Pts!AO$5:AW$126,(L92+1)),IF(J92="F",VLOOKUP(O92,T100Pts!AY$5:BG$126,(L92+1)),"")))) -> - | R92: =IF(OR($L92="X",$L92=6,$L92=7),"-",IF(Q92="","-",IF(J92="M",VLOOKUP(Q92,T100Pts!BI$5:BN$44,(L92+1)),IF(J92="F",VLOOKUP(Q92,T100Pts!BU$5:BZ$44,(L92+1)),"")))) -> - | T92: =IF($L92="X","-",IF(S92="","-",IF(J92="M",VLOOKUP(S92,T100Pts!A$5:I$1146,(L92+1)),IF(J92="F",VLOOKUP(S92,T100Pts!K$5:S$1147,(L92+1)),"")))) -> - | U92: =IF(OR(N92="X",P92="X",R92="X",T92="X"),"NR",IF(AND(N92="-",P92="-",T92="-"),"-",IF(R92="-",AVERAGE(IF(ISNUMBER(N92),N92),IF(ISNUMBER(P92),P92),IF(ISNUMBER(T92),T92)),AVERAGE(IF(ISNUMBER(N92),N92),IF(ISNUMBER(P92),P92),IF(ISNUMBER(R92),R92),IF(ISNUMBER(T92),T92))))) -> - | V92: =IF(NOT(ISNUMBER(U92)), "-", IF(U92 < 70, "NA", "A")) -> - | X92: =IF($L92="X","-",IF(W92="","-",IF(J92="M",VLOOKUP(W92,T100Pts!U$5:AC$86,(L92+1)),IF(J92="F",VLOOKUP(W92,T100Pts!AE$5:AM$86,(L92+1)),"")))) -> - | Z92: =IF($L92="X","-",IF(Y92="","-",IF(J92="M",VLOOKUP(Y92,T100Pts!AO$5:AW$126,(L92+1)),IF(J92="F",VLOOKUP(Y92,T100Pts!AY$5:BG$126,(L92+1)),"")))) -> - | AB92: =IF(OR($L92="X",$L92=6,$L92=7),"-",IF(AA92="","-",IF(J92="M",VLOOKUP(AA92,T100Pts!BI$5:BN$44,(L92+1)),IF(J92="F",VLOOKUP(AA92,T100Pts!BU$5:BZ$44,(L92+1)),"")))) -> - | AD92: =IF($L92="X","-",IF(AC92="","-",IF(J92="M",VLOOKUP(AC92,T100Pts!A$5:I$1146,(L92+1)),IF(J92="F",VLOOKUP(AC92,T100Pts!K$5:S$1146,(L92+1)),"")))) -> - | AE92: =IF(OR(X92="X",Z92="X",AB92="X",AD92="X"),"NR",IF(AND(X92="-",Z92="-",AD92="-"),"-",IF(AB92="-",AVERAGE(IF(ISNUMBER(X92),X92),IF(ISNUMBER(Z92),Z92),IF(ISNUMBER(AD92),AD92)),AVERAGE(IF(ISNUMBER(X92),X92),IF(ISNUMBER(Z92),Z92),IF(ISNUMBER(AB92),AB92),IF(ISNUMBER(AD92),AD92))))) -> - | AF92: =IF(NOT(ISNUMBER(AE92)), "-", IF(AE92 < 70, "NA", "A")) -> - | AG92: =AVERAGE(U92,AE92) -> #DIV/0! | AH92: =IF(NOT(ISNUMBER(AG92)), "-", IF(AG92 < 70, "NA", "A")) -> - | AJ92: =IF(OR(B92="TG",B92="GD",B92="GB",B92="CY",B92="CR",B92="TC",B92="MY",B92="CT",B92="TP",B92="TP EC",B92="TT",B92="TT EC",B92="ST",B92="ST EC"),"Oficial",IF(OR(B92="VP",B92="VS",B92="VS EC"),"Vol",IF(B92="","","Subof")))
A93: 80 | I93: =IF(OR(G93="",H93=""),"-",ROUND(G93/(H93^2),0)) -> - | J93: F | K93: =IF(F93>0,DATEDIF(F93,$L$1,"Y"),"-") -> - | L93: =IF(F93="","-",IF(K93<>"",VLOOKUP(K93,T100Pts!CH$4:CI$59,(2)))) -> - | N93: =IF($L93="X","-",IF(M93="","-",IF(J93="M",VLOOKUP(M93,T100Pts!U$5:AC$86,(L93+1)),IF(J93="F",VLOOKUP(M93,T100Pts!AE$5:AM$86,(L93+1)),"")))) -> - | P93: =IF($L93="X","-",IF(O93="","-",IF(J93="M",VLOOKUP(O93,T100Pts!AO$5:AW$126,(L93+1)),IF(J93="F",VLOOKUP(O93,T100Pts!AY$5:BG$126,(L93+1)),"")))) -> - | R93: =IF(OR($L93="X",$L93=6,$L93=7),"-",IF(Q93="","-",IF(J93="M",VLOOKUP(Q93,T100Pts!BI$5:BN$44,(L93+1)),IF(J93="F",VLOOKUP(Q93,T100Pts!BU$5:BZ$44,(L93+1)),"")))) -> - | T93: =IF($L93="X","-",IF(S93="","-",IF(J93="M",VLOOKUP(S93,T100Pts!A$5:I$1146,(L93+1)),IF(J93="F",VLOOKUP(S93,T100Pts!K$5:S$1147,(L93+1)),"")))) -> - | U93: =IF(OR(N93="X",P93="X",R93="X",T93="X"),"NR",IF(AND(N93="-",P93="-",T93="-"),"-",IF(R93="-",AVERAGE(IF(ISNUMBER(N93),N93),IF(ISNUMBER(P93),P93),IF(ISNUMBER(T93),T93)),AVERAGE(IF(ISNUMBER(N93),N93),IF(ISNUMBER(P93),P93),IF(ISNUMBER(R93),R93),IF(ISNUMBER(T93),T93))))) -> - | V93: =IF(NOT(ISNUMBER(U93)), "-", IF(U93 < 70, "NA", "A")) -> - | X93: =IF($L93="X","-",IF(W93="","-",IF(J93="M",VLOOKUP(W93,T100Pts!U$5:AC$86,(L93+1)),IF(J93="F",VLOOKUP(W93,T100Pts!AE$5:AM$86,(L93+1)),"")))) -> - | Z93: =IF($L93="X","-",IF(Y93="","-",IF(J93="M",VLOOKUP(Y93,T100Pts!AO$5:AW$126,(L93+1)),IF(J93="F",VLOOKUP(Y93,T100Pts!AY$5:BG$126,(L93+1)),"")))) -> - | AB93: =IF(OR($L93="X",$L93=6,$L93=7),"-",IF(AA93="","-",IF(J93="M",VLOOKUP(AA93,T100Pts!BI$5:BN$44,(L93+1)),IF(J93="F",VLOOKUP(AA93,T100Pts!BU$5:BZ$44,(L93+1)),"")))) -> - | AD93: =IF($L93="X","-",IF(AC93="","-",IF(J93="M",VLOOKUP(AC93,T100Pts!A$5:I$1146,(L93+1)),IF(J93="F",VLOOKUP(AC93,T100Pts!K$5:S$1146,(L93+1)),"")))) -> - | AE93: =IF(OR(X93="X",Z93="X",AB93="X",AD93="X"),"NR",IF(AND(X93="-",Z93="-",AD93="-"),"-",IF(AB93="-",AVERAGE(IF(ISNUMBER(X93),X93),IF(ISNUMBER(Z93),Z93),IF(ISNUMBER(AD93),AD93)),AVERAGE(IF(ISNUMBER(X93),X93),IF(ISNUMBER(Z93),Z93),IF(ISNUMBER(AB93),AB93),IF(ISNUMBER(AD93),AD93))))) -> - | AF93: =IF(NOT(ISNUMBER(AE93)), "-", IF(AE93 < 70, "NA", "A")) -> - | AG93: =AVERAGE(U93,AE93) -> #DIV/0! | AH93: =IF(NOT(ISNUMBER(AG93)), "-", IF(AG93 < 70, "NA", "A")) -> - | AJ93: =IF(OR(B93="TG",B93="GD",B93="GB",B93="CY",B93="CR",B93="TC",B93="MY",B93="CT",B93="TP",B93="TP EC",B93="TT",B93="TT EC",B93="ST",B93="ST EC"),"Oficial",IF(OR(B93="VP",B93="VS",B93="VS EC"),"Vol",IF(B93="","","Subof")))
A94: 81 | I94: =IF(OR(G94="",H94=""),"-",ROUND(G94/(H94^2),0)) -> - | J94: M | K94: =IF(F94>0,DATEDIF(F94,$L$1,"Y"),"-") -> - | L94: =IF(F94="","-",IF(K94<>"",VLOOKUP(K94,T100Pts!CH$4:CI$59,(2)))) -> - | N94: =IF($L94="X","-",IF(M94="","-",IF(J94="M",VLOOKUP(M94,T100Pts!U$5:AC$86,(L94+1)),IF(J94="F",VLOOKUP(M94,T100Pts!AE$5:AM$86,(L94+1)),"")))) -> - | P94: =IF($L94="X","-",IF(O94="","-",IF(J94="M",VLOOKUP(O94,T100Pts!AO$5:AW$126,(L94+1)),IF(J94="F",VLOOKUP(O94,T100Pts!AY$5:BG$126,(L94+1)),"")))) -> - | R94: =IF(OR($L94="X",$L94=6,$L94=7),"-",IF(Q94="","-",IF(J94="M",VLOOKUP(Q94,T100Pts!BI$5:BN$44,(L94+1)),IF(J94="F",VLOOKUP(Q94,T100Pts!BU$5:BZ$44,(L94+1)),"")))) -> - | T94: =IF($L94="X","-",IF(S94="","-",IF(J94="M",VLOOKUP(S94,T100Pts!A$5:I$1146,(L94+1)),IF(J94="F",VLOOKUP(S94,T100Pts!K$5:S$1147,(L94+1)),"")))) -> - | U94: =IF(OR(N94="X",P94="X",R94="X",T94="X"),"NR",IF(AND(N94="-",P94="-",T94="-"),"-",IF(R94="-",AVERAGE(IF(ISNUMBER(N94),N94),IF(ISNUMBER(P94),P94),IF(ISNUMBER(T94),T94)),AVERAGE(IF(ISNUMBER(N94),N94),IF(ISNUMBER(P94),P94),IF(ISNUMBER(R94),R94),IF(ISNUMBER(T94),T94))))) -> - | V94: =IF(NOT(ISNUMBER(U94)), "-", IF(U94 < 70, "NA", "A")) -> - | X94: =IF($L94="X","-",IF(W94="","-",IF(J94="M",VLOOKUP(W94,T100Pts!U$5:AC$86,(L94+1)),IF(J94="F",VLOOKUP(W94,T100Pts!AE$5:AM$86,(L94+1)),"")))) -> - | Z94: =IF($L94="X","-",IF(Y94="","-",IF(J94="M",VLOOKUP(Y94,T100Pts!AO$5:AW$126,(L94+1)),IF(J94="F",VLOOKUP(Y94,T100Pts!AY$5:BG$126,(L94+1)),"")))) -> - | AB94: =IF(OR($L94="X",$L94=6,$L94=7),"-",IF(AA94="","-",IF(J94="M",VLOOKUP(AA94,T100Pts!BI$5:BN$44,(L94+1)),IF(J94="F",VLOOKUP(AA94,T100Pts!BU$5:BZ$44,(L94+1)),"")))) -> - | AD94: =IF($L94="X","-",IF(AC94="","-",IF(J94="M",VLOOKUP(AC94,T100Pts!A$5:I$1146,(L94+1)),IF(J94="F",VLOOKUP(AC94,T100Pts!K$5:S$1146,(L94+1)),"")))) -> - | AE94: =IF(OR(X94="X",Z94="X",AB94="X",AD94="X"),"NR",IF(AND(X94="-",Z94="-",AD94="-"),"-",IF(AB94="-",AVERAGE(IF(ISNUMBER(X94),X94),IF(ISNUMBER(Z94),Z94),IF(ISNUMBER(AD94),AD94)),AVERAGE(IF(ISNUMBER(X94),X94),IF(ISNUMBER(Z94),Z94),IF(ISNUMBER(AB94),AB94),IF(ISNUMBER(AD94),AD94))))) -> - | AF94: =IF(NOT(ISNUMBER(AE94)), "-", IF(AE94 < 70, "NA", "A")) -> - | AG94: =AVERAGE(U94,AE94) -> #DIV/0! | AH94: =IF(NOT(ISNUMBER(AG94)), "-", IF(AG94 < 70, "NA", "A")) -> - | AJ94: =IF(OR(B94="TG",B94="GD",B94="GB",B94="CY",B94="CR",B94="TC",B94="MY",B94="CT",B94="TP",B94="TP EC",B94="TT",B94="TT EC",B94="ST",B94="ST EC"),"Oficial",IF(OR(B94="VP",B94="VS",B94="VS EC"),"Vol",IF(B94="","","Subof")))
